timestamp_s,node_state,sampling_interval_s,transmission_interval_s,current_load_A,voltage_bus_V,power_load_W,battery_soc,battery_ocv_V,battery_terminal_voltage_V,battery_current_A,battery_power_W,energy_used_Wh,energy_remaining_Wh,cutoff_reached
0.0,LORA_TX,30.0,120.0,0.12,3.6,0.432,1.0,4.2,4.19784,0.12,0.5037408,0.0,7.21319998677356,False
1.0,SAMPLING,30.0,120.0,0.008,3.6,0.028800000000000003,0.9999988888888889,4.199995555555556,4.199851555555556,0.008,0.03359881244444445,9.333003456790125e-06,7.213191972106908,False
2.0,SLEEP,30.0,120.0,1.5e-05,3.6,5.4000000000000005e-05,0.9999988868055556,4.199995547222223,4.199995277222222,1.5e-05,6.299992915833333e-05,9.350503437111884e-06,7.213191957079409,False
3.0,SLEEP,30.0,120.0,1.5e-05,3.6,5.4000000000000005e-05,0.9999988847222223,4.199995538888889,4.199995268888889,1.5e-05,6.299992903333335e-05,9.368003417398921e-06,7.213191942051909,False
4.0,SLEEP,30.0,120.0,1.5e-05,3.6,5.4000000000000005e-05,0.999998882638889,4.199995530555556,4.199995260555556,1.5e-05,6.299992890833335e-05,9.385503397651237e-06,7.213191927024409,False
5.0,SLEEP,30.0,120.0,1.5e-05,3.6,5.4000000000000005e-05,0.9999988805555557,4.199995522222223,4.199995252222223,1.5e-05,6.299992878333335e-05,9.403003377868829e-06,7.213191911996909,False
6.0,SLEEP,30.0,120.0,1.5e-05,3.6,5.4000000000000005e-05,0.9999988784722225,4.19999551388889,4.19999524388889,1.5e-05,6.299992865833335e-05,9.4205033580517e-06,7.21319189696941,False
7.0,SLEEP,30.0,120.0,1.5e-05,3.6,5.4000000000000005e-05,0.9999988763888892,4.199995505555557,4.199995235555557,1.5e-05,6.299992853333335e-05,9.438003338199847e-06,7.213191881941911,False
8.0,SLEEP,30.0,120.0,1.5e-05,3.6,5.4000000000000005e-05,0.9999988743055559,4.199995497222224,4.199995227222224,1.5e-05,6.299992840833335e-05,9.455503318313273e-06,7.213191866914411,False
9.0,SLEEP,30.0,120.0,1.5e-05,3.6,5.4000000000000005e-05,0.9999988722222226,4.199995488888891,4.1999952188888905,1.5e-05,6.299992828333336e-05,9.473003298391978e-06,7.213191851886911,False
10.0,SLEEP,30.0,120.0,1.5e-05,3.6,5.4000000000000005e-05,0.9999988701388893,4.1999954805555575,4.199995210555557,1.5e-05,6.299992815833336e-05,9.490503278435959e-06,7.213191836859411,False
11.0,SLEEP,30.0,120.0,1.5e-05,3.6,5.4000000000000005e-05,0.999998868055556,4.199995472222224,4.199995202222224,1.5e-05,6.299992803333337e-05,9.508003258445218e-06,7.213191821831912,False
12.0,SLEEP,30.0,120.0,1.5e-05,3.6,5.4000000000000005e-05,0.9999988659722228,4.199995463888891,4.199995193888891,1.5e-05,6.299992790833337e-05,9.525503238419755e-06,7.213191806804413,False
13.0,SLEEP,30.0,120.0,1.5e-05,3.6,5.4000000000000005e-05,0.9999988638888895,4.199995455555558,4.199995185555558,1.5e-05,6.299992778333337e-05,9.54300321835957e-06,7.213191791776913,False
14.0,SLEEP,30.0,120.0,1.5e-05,3.6,5.4000000000000005e-05,0.9999988618055562,4.199995447222225,4.199995177222225,1.5e-05,6.299992765833338e-05,9.560503198264662e-06,7.213191776749413,False
15.0,SLEEP,30.0,120.0,1.5e-05,3.6,5.4000000000000005e-05,0.9999988597222229,4.199995438888892,4.199995168888892,1.5e-05,6.299992753333338e-05,9.578003178135032e-06,7.213191761721913,False
16.0,SLEEP,30.0,120.0,1.5e-05,3.6,5.4000000000000005e-05,0.9999988576388896,4.199995430555559,4.1999951605555585,1.5e-05,6.299992740833338e-05,9.59550315797068e-06,7.213191746694414,False
17.0,SLEEP,30.0,120.0,1.5e-05,3.6,5.4000000000000005e-05,0.9999988555555563,4.1999954222222255,4.199995152222225,1.5e-05,6.299992728333338e-05,9.613003137771607e-06,7.213191731666914,False
18.0,SLEEP,30.0,120.0,1.5e-05,3.6,5.4000000000000005e-05,0.9999988534722231,4.199995413888892,4.199995143888892,1.5e-05,6.299992715833338e-05,9.63050311753781e-06,7.213191716639415,False
19.0,SLEEP,30.0,120.0,1.5e-05,3.6,5.4000000000000005e-05,0.9999988513888898,4.199995405555559,4.199995135555559,1.5e-05,6.299992703333338e-05,9.648003097269292e-06,7.213191701611915,False
20.0,SLEEP,30.0,120.0,1.5e-05,3.6,5.4000000000000005e-05,0.9999988493055565,4.199995397222226,4.199995127222226,1.5e-05,6.29999269083334e-05,9.665503076966051e-06,7.213191686584415,False
21.0,SLEEP,30.0,120.0,1.5e-05,3.6,5.4000000000000005e-05,0.9999988472222232,4.199995388888893,4.199995118888893,1.5e-05,6.29999267833334e-05,9.683003056628088e-06,7.213191671556916,False
22.0,SLEEP,30.0,120.0,1.5e-05,3.6,5.4000000000000005e-05,0.9999988451388899,4.19999538055556,4.19999511055556,1.5e-05,6.29999266583334e-05,9.700503036255403e-06,7.213191656529416,False
23.0,SLEEP,30.0,120.0,1.5e-05,3.6,5.4000000000000005e-05,0.9999988430555566,4.199995372222227,4.199995102222227,1.5e-05,6.29999265333334e-05,9.718003015847996e-06,7.213191641501917,False
24.0,SLEEP,30.0,120.0,1.5e-05,3.6,5.4000000000000005e-05,0.9999988409722234,4.199995363888894,4.1999950938888935,1.5e-05,6.29999264083334e-05,9.735502995405866e-06,7.213191626474417,False
25.0,SLEEP,30.0,120.0,1.5e-05,3.6,5.4000000000000005e-05,0.9999988388888901,4.1999953555555605,4.19999508555556,1.5e-05,6.299992628333341e-05,9.753002974929015e-06,7.213191611446917,False
26.0,SLEEP,30.0,120.0,1.5e-05,3.6,5.4000000000000005e-05,0.9999988368055568,4.199995347222227,4.199995077222227,1.5e-05,6.299992615833341e-05,9.770502954417441e-06,7.213191596419418,False
27.0,SLEEP,30.0,120.0,1.5e-05,3.6,5.4000000000000005e-05,0.9999988347222235,4.199995338888894,4.199995068888894,1.5e-05,6.299992603333341e-05,9.788002933871145e-06,7.213191581391918,False
28.0,SLEEP,30.0,120.0,1.5e-05,3.6,5.4000000000000005e-05,0.9999988326388902,4.199995330555561,4.199995060555561,1.5e-05,6.299992590833341e-05,9.805502913290126e-06,7.213191566364419,False
29.0,SLEEP,30.0,120.0,1.5e-05,3.6,5.4000000000000005e-05,0.9999988305555569,4.199995322222228,4.199995052222228,1.5e-05,6.299992578333341e-05,9.823002892674385e-06,7.2131915513369185,False
30.0,SAMPLING,30.0,120.0,0.008,3.6,0.028800000000000003,0.9999977194444458,4.1999908777777835,4.199846877777784,0.008,0.03359877502222227,1.9155995954402793e-05,7.213183536670267,False
31.0,SAMPLING,30.0,120.0,0.008,3.6,0.028800000000000003,0.9999966083333347,4.199986433333339,4.199842433333339,0.008,0.033598739466666715,2.8488979139587994e-05,7.213175522003615,False
32.0,SLEEP,30.0,120.0,1.5e-05,3.6,5.4000000000000005e-05,0.9999966062500014,4.199986425000006,4.199986155000006,1.5e-05,6.299979232500008e-05,2.8506479081900495e-05,7.213175506976115,False
33.0,SLEEP,30.0,120.0,1.5e-05,3.6,5.4000000000000005e-05,0.9999966041666681,4.199986416666673,4.199986146666673,1.5e-05,6.29997922000001e-05,2.8523979024178273e-05,7.213175491948616,False
34.0,SLEEP,30.0,120.0,1.5e-05,3.6,5.4000000000000005e-05,0.9999966020833349,4.19998640833334,4.1999861383333394,1.5e-05,6.29997920750001e-05,2.854147896642133e-05,7.213175476921116,False
35.0,SLEEP,30.0,120.0,1.5e-05,3.6,5.4000000000000005e-05,0.9999966000000016,4.1999864000000064,4.199986130000006,1.5e-05,6.29997919500001e-05,2.8558978908629663e-05,7.213175461893616,False
36.0,SLEEP,30.0,120.0,1.5e-05,3.6,5.4000000000000005e-05,0.9999965979166683,4.199986391666673,4.199986121666673,1.5e-05,6.29997918250001e-05,2.8576478850803274e-05,7.213175446866117,False
37.0,SLEEP,30.0,120.0,1.5e-05,3.6,5.4000000000000005e-05,0.999996595833335,4.19998638333334,4.19998611333334,1.5e-05,6.29997917000001e-05,2.8593978792942163e-05,7.213175431838617,False
38.0,SLEEP,30.0,120.0,1.5e-05,3.6,5.4000000000000005e-05,0.9999965937500017,4.199986375000007,4.199986105000007,1.5e-05,6.299979157500011e-05,2.861147873504633e-05,7.213175416811118,False
39.0,SLEEP,30.0,120.0,1.5e-05,3.6,5.4000000000000005e-05,0.9999965916666684,4.199986366666674,4.199986096666674,1.5e-05,6.299979145000011e-05,2.8628978677115776e-05,7.213175401783618,False
40.0,SLEEP,30.0,120.0,1.5e-05,3.6,5.4000000000000005e-05,0.9999965895833351,4.199986358333341,4.199986088333341,1.5e-05,6.299979132500011e-05,2.8646478619150497e-05,7.213175386756118,False
41.0,SLEEP,30.0,120.0,1.5e-05,3.6,5.4000000000000005e-05,0.9999965875000019,4.199986350000008,4.1999860800000075,1.5e-05,6.299979120000011e-05,2.8663978561150497e-05,7.213175371728619,False
42.0,SLEEP,30.0,120.0,1.5e-05,3.6,5.4000000000000005e-05,0.9999965854166686,4.1999863416666745,4.199986071666674,1.5e-05,6.299979107500011e-05,2.8681478503115774e-05,7.213175356701119,False
43.0,SLEEP,30.0,120.0,1.5e-05,3.6,5.4000000000000005e-05,0.9999965833333353,4.199986333333341,4.199986063333341,1.5e-05,6.299979095000011e-05,2.869897844504633e-05,7.21317534167362,False
44.0,SLEEP,30.0,120.0,1.5e-05,3.6,5.4000000000000005e-05,0.999996581250002,4.199986325000008,4.199986055000008,1.5e-05,6.299979082500013e-05,2.8716478386942165e-05,7.21317532664612,False
45.0,SLEEP,30.0,120.0,1.5e-05,3.6,5.4000000000000005e-05,0.9999965791666687,4.199986316666675,4.199986046666675,1.5e-05,6.299979070000013e-05,2.8733978328803275e-05,7.21317531161862,False
46.0,SLEEP,30.0,120.0,1.5e-05,3.6,5.4000000000000005e-05,0.9999965770833354,4.199986308333342,4.199986038333342,1.5e-05,6.299979057500013e-05,2.8751478270629663e-05,7.21317529659112,False
47.0,SLEEP,30.0,120.0,1.5e-05,3.6,5.4000000000000005e-05,0.9999965750000022,4.199986300000009,4.199986030000009,1.5e-05,6.299979045000013e-05,2.876897821242133e-05,7.213175281563621,False
48.0,SLEEP,30.0,120.0,1.5e-05,3.6,5.4000000000000005e-05,0.9999965729166689,4.199986291666676,4.199986021666676,1.5e-05,6.299979032500013e-05,2.8786478154178275e-05,7.213175266536122,False
49.0,SLEEP,30.0,120.0,1.5e-05,3.6,5.4000000000000005e-05,0.9999965708333356,4.199986283333343,4.199986013333342,1.5e-05,6.299979020000014e-05,2.8803978095900498e-05,7.213175251508622,False
50.0,SLEEP,30.0,120.0,1.5e-05,3.6,5.4000000000000005e-05,0.9999965687500023,4.199986275000009,4.199986005000009,1.5e-05,6.299979007500014e-05,2.8821478037587997e-05,7.213175236481122,False
51.0,SLEEP,30.0,120.0,1.5e-05,3.6,5.4000000000000005e-05,0.999996566666669,4.199986266666676,4.199985996666676,1.5e-05,6.299978995000015e-05,2.8838977979240774e-05,7.213175221453622,False
52.0,SLEEP,30.0,120.0,1.5e-05,3.6,5.4000000000000005e-05,0.9999965645833357,4.199986258333343,4.199985988333343,1.5e-05,6.299978982500015e-05,2.885647792085883e-05,7.213175206426123,False
53.0,SLEEP,30.0,120.0,1.5e-05,3.6,5.4000000000000005e-05,0.9999965625000025,4.19998625000001,4.19998598000001,1.5e-05,6.299978970000015e-05,2.8873977862442163e-05,7.213175191398624,False
54.0,SLEEP,30.0,120.0,1.5e-05,3.6,5.4000000000000005e-05,0.9999965604166692,4.199986241666677,4.199985971666677,1.5e-05,6.299978957500015e-05,2.8891477803990775e-05,7.213175176371124,False
55.0,SLEEP,30.0,120.0,1.5e-05,3.6,5.4000000000000005e-05,0.9999965583333359,4.199986233333344,4.199985963333344,1.5e-05,6.299978945000016e-05,2.8908977745504665e-05,7.213175161343624,False
56.0,SLEEP,30.0,120.0,1.5e-05,3.6,5.4000000000000005e-05,0.9999965562500026,4.199986225000011,4.1999859550000105,1.5e-05,6.299978932500016e-05,2.892647768698383e-05,7.213175146316124,False
57.0,SLEEP,30.0,120.0,1.5e-05,3.6,5.4000000000000005e-05,0.9999965541666693,4.1999862166666775,4.199985946666677,1.5e-05,6.299978920000016e-05,2.8943977628428275e-05,7.213175131288625,False
58.0,SLEEP,30.0,120.0,1.5e-05,3.6,5.4000000000000005e-05,0.999996552083336,4.199986208333344,4.199985938333344,1.5e-05,6.299978907500016e-05,2.8961477569837998e-05,7.213175116261125,False
59.0,SLEEP,30.0,120.0,1.5e-05,3.6,5.4000000000000005e-05,0.9999965500000028,4.199986200000011,4.199985930000011,1.5e-05,6.299978895000016e-05,2.8978977511213e-05,7.213175101233626,False
60.0,SAMPLING,30.0,120.0,0.008,3.6,0.028800000000000003,0.9999954388888916,4.199981755555567,4.199837755555567,0.008,0.03359870204444454,3.831195030133648e-05,7.2131670865669735,False
61.0,SAMPLING,30.0,120.0,0.008,3.6,0.028800000000000003,0.9999943277777805,4.199977311111122,4.199833311111123,0.008,0.033598666488888984,4.764491321491675e-05,7.213159071900321,False
62.0,SLEEP,30.0,120.0,1.5e-05,3.6,5.4000000000000005e-05,0.9999943256944472,4.199977302777789,4.199977032777789,1.5e-05,6.299965549166684e-05,4.766241311921999e-05,7.213159056872822,False
63.0,SLEEP,30.0,120.0,1.5e-05,3.6,5.4000000000000005e-05,0.999994323611114,4.199977294444456,4.199977024444456,1.5e-05,6.299965536666684e-05,4.767991302348851e-05,7.213159041845322,False
64.0,SLEEP,30.0,120.0,1.5e-05,3.6,5.4000000000000005e-05,0.9999943215277807,4.199977286111123,4.199977016111123,1.5e-05,6.299965524166684e-05,4.76974129277223e-05,7.213159026817823,False
65.0,SLEEP,30.0,120.0,1.5e-05,3.6,5.4000000000000005e-05,0.9999943194444474,4.19997727777779,4.19997700777779,1.5e-05,6.299965511666684e-05,4.771491283192138e-05,7.2131590117903235,False
66.0,SLEEP,30.0,120.0,1.5e-05,3.6,5.4000000000000005e-05,0.9999943173611141,4.199977269444457,4.1999769994444565,1.5e-05,6.299965499166685e-05,4.773241273608573e-05,7.213158996762823,False
67.0,SLEEP,30.0,120.0,1.5e-05,3.6,5.4000000000000005e-05,0.9999943152777808,4.1999772611111235,4.199976991111123,1.5e-05,6.299965486666685e-05,4.774991264021536e-05,7.213158981735324,False
68.0,SLEEP,30.0,120.0,1.5e-05,3.6,5.4000000000000005e-05,0.9999943131944475,4.19997725277779,4.19997698277779,1.5e-05,6.299965474166686e-05,4.776741254431027e-05,7.213158966707824,False
69.0,SLEEP,30.0,120.0,1.5e-05,3.6,5.4000000000000005e-05,0.9999943111111143,4.199977244444457,4.199976974444457,1.5e-05,6.299965461666686e-05,4.7784912448370457e-05,7.213158951680325,False
70.0,SLEEP,30.0,120.0,1.5e-05,3.6,5.4000000000000005e-05,0.999994309027781,4.199977236111124,4.199976966111124,1.5e-05,6.299965449166686e-05,4.780241235239592e-05,7.2131589366528255,False
71.0,SLEEP,30.0,120.0,1.5e-05,3.6,5.4000000000000005e-05,0.9999943069444477,4.199977227777791,4.199976957777791,1.5e-05,6.299965436666686e-05,4.781991225638666e-05,7.213158921625325,False
72.0,SLEEP,30.0,120.0,1.5e-05,3.6,5.4000000000000005e-05,0.9999943048611144,4.199977219444458,4.199976949444458,1.5e-05,6.299965424166686e-05,4.7837412160342676e-05,7.213158906597826,False
73.0,SLEEP,30.0,120.0,1.5e-05,3.6,5.4000000000000005e-05,0.9999943027777811,4.199977211111125,4.1999769411111245,1.5e-05,6.299965411666688e-05,4.785491206426397e-05,7.213158891570326,False
74.0,SLEEP,30.0,120.0,1.5e-05,3.6,5.4000000000000005e-05,0.9999943006944478,4.1999772027777915,4.199976932777791,1.5e-05,6.299965399166688e-05,4.7872411968150543e-05,7.213158876542827,False
75.0,SLEEP,30.0,120.0,1.5e-05,3.6,5.4000000000000005e-05,0.9999942986111146,4.199977194444458,4.199976924444458,1.5e-05,6.299965386666688e-05,4.7889911872002395e-05,7.213158861515327,False
76.0,SLEEP,30.0,120.0,1.5e-05,3.6,5.4000000000000005e-05,0.9999942965277813,4.199977186111125,4.199976916111125,1.5e-05,6.299965374166688e-05,4.7907411775819525e-05,7.213158846487827,False
77.0,SLEEP,30.0,120.0,1.5e-05,3.6,5.4000000000000005e-05,0.999994294444448,4.199977177777792,4.199976907777792,1.5e-05,6.299965361666688e-05,4.792491167960193e-05,7.213158831460328,False
78.0,SLEEP,30.0,120.0,1.5e-05,3.6,5.4000000000000005e-05,0.9999942923611147,4.199977169444459,4.199976899444459,1.5e-05,6.299965349166688e-05,4.794241158334962e-05,7.213158816432828,False
79.0,SLEEP,30.0,120.0,1.5e-05,3.6,5.4000000000000005e-05,0.9999942902777814,4.199977161111126,4.199976891111126,1.5e-05,6.299965336666689e-05,4.7959911487062584e-05,7.213158801405329,False
80.0,SLEEP,30.0,120.0,1.5e-05,3.6,5.4000000000000005e-05,0.9999942881944481,4.199977152777793,4.199976882777793,1.5e-05,6.299965324166689e-05,4.797741139074083e-05,7.213158786377829,False
81.0,SLEEP,30.0,120.0,1.5e-05,3.6,5.4000000000000005e-05,0.9999942861111148,4.19997714444446,4.199976874444459,1.5e-05,6.29996531166669e-05,4.799491129438435e-05,7.213158771350329,False
82.0,SLEEP,30.0,120.0,1.5e-05,3.6,5.4000000000000005e-05,0.9999942840277816,4.199977136111126,4.199976866111126,1.5e-05,6.29996529916669e-05,4.801241119799314e-05,7.21315875632283,False
83.0,SLEEP,30.0,120.0,1.5e-05,3.6,5.4000000000000005e-05,0.9999942819444483,4.199977127777793,4.199976857777793,1.5e-05,6.29996528666669e-05,4.8029911101567215e-05,7.21315874129533,False
84.0,SLEEP,30.0,120.0,1.5e-05,3.6,5.4000000000000005e-05,0.999994279861115,4.19997711944446,4.19997684944446,1.5e-05,6.299965274166691e-05,4.8047411005106565e-05,7.213158726267831,False
85.0,SLEEP,30.0,120.0,1.5e-05,3.6,5.4000000000000005e-05,0.9999942777777817,4.199977111111127,4.199976841111127,1.5e-05,6.299965261666691e-05,4.8064910908611194e-05,7.213158711240331,False
86.0,SLEEP,30.0,120.0,1.5e-05,3.6,5.4000000000000005e-05,0.9999942756944484,4.199977102777794,4.199976832777794,1.5e-05,6.299965249166691e-05,4.80824108120811e-05,7.213158696212831,False
87.0,SLEEP,30.0,120.0,1.5e-05,3.6,5.4000000000000005e-05,0.9999942736111151,4.199977094444461,4.199976824444461,1.5e-05,6.299965236666691e-05,4.809991071551629e-05,7.213158681185331,False
88.0,SLEEP,30.0,120.0,1.5e-05,3.6,5.4000000000000005e-05,0.9999942715277819,4.199977086111128,4.1999768161111275,1.5e-05,6.299965224166691e-05,4.811741061891675e-05,7.213158666157832,False
89.0,SLEEP,30.0,120.0,1.5e-05,3.6,5.4000000000000005e-05,0.9999942694444486,4.1999770777777945,4.199976807777794,1.5e-05,6.299965211666691e-05,4.8134910522282494e-05,7.213158651130333,False
90.0,SAMPLING,30.0,120.0,0.008,3.6,0.028800000000000003,0.9999931583333375,4.19997263333335,4.19982863333335,0.008,0.0335986290666668,5.746786304080105e-05,7.213150636463681,False
91.0,SAMPLING,30.0,120.0,0.008,3.6,0.028800000000000003,0.9999920472222263,4.1999681888889056,4.199824188888906,0.008,0.03359859351111125,6.68008056827764e-05,7.2131426217970285,False
92.0,SLEEP,30.0,120.0,1.5e-05,3.6,5.4000000000000005e-05,0.9999920451388931,4.199968180555572,4.199967910555572,1.5e-05,6.299951865833359e-05,6.681830554907039e-05,7.213142606769528,False
93.0,SLEEP,30.0,120.0,1.5e-05,3.6,5.4000000000000005e-05,0.9999920430555598,4.199968172222239,4.199967902222239,1.5e-05,6.299951853333359e-05,6.683580541532965e-05,7.213142591742029,False
94.0,SLEEP,30.0,120.0,1.5e-05,3.6,5.4000000000000005e-05,0.9999920409722265,4.199968163888906,4.199967893888906,1.5e-05,6.299951840833359e-05,6.685330528155419e-05,7.21314257671453,False
95.0,SLEEP,30.0,120.0,1.5e-05,3.6,5.4000000000000005e-05,0.9999920388888932,4.199968155555573,4.199967885555573,1.5e-05,6.299951828333359e-05,6.687080514774401e-05,7.21314256168703,False
96.0,SLEEP,30.0,120.0,1.5e-05,3.6,5.4000000000000005e-05,0.9999920368055599,4.19996814722224,4.19996787722224,1.5e-05,6.29995181583336e-05,6.688830501389911e-05,7.2131425466595305,False
97.0,SLEEP,30.0,120.0,1.5e-05,3.6,5.4000000000000005e-05,0.9999920347222266,4.199968138888907,4.199967868888907,1.5e-05,6.299951803333361e-05,6.690580488001948e-05,7.21314253163203,False
98.0,SLEEP,30.0,120.0,1.5e-05,3.6,5.4000000000000005e-05,0.9999920326388934,4.199968130555574,4.1999678605555735,1.5e-05,6.299951790833361e-05,6.692330474610514e-05,7.213142516604531,False
99.0,SLEEP,30.0,120.0,1.5e-05,3.6,5.4000000000000005e-05,0.9999920305555601,4.1999681222222405,4.19996785222224,1.5e-05,6.299951778333361e-05,6.694080461215607e-05,7.213142501577032,False
100.0,SLEEP,30.0,120.0,1.5e-05,3.6,5.4000000000000005e-05,0.9999920284722268,4.199968113888907,4.199967843888907,1.5e-05,6.299951765833361e-05,6.695830447817227e-05,7.213142486549532,False
101.0,SLEEP,30.0,120.0,1.5e-05,3.6,5.4000000000000005e-05,0.9999920263888935,4.199968105555574,4.199967835555574,1.5e-05,6.299951753333361e-05,6.697580434415374e-05,7.2131424715220325,False
102.0,SLEEP,30.0,120.0,1.5e-05,3.6,5.4000000000000005e-05,0.9999920243055602,4.199968097222241,4.199967827222241,1.5e-05,6.299951740833361e-05,6.69933042101005e-05,7.213142456494532,False
103.0,SLEEP,30.0,120.0,1.5e-05,3.6,5.4000000000000005e-05,0.9999920222222269,4.199968088888908,4.199967818888908,1.5e-05,6.299951728333362e-05,6.701080407601253e-05,7.213142441467033,False
104.0,SLEEP,30.0,120.0,1.5e-05,3.6,5.4000000000000005e-05,0.9999920201388937,4.199968080555575,4.199967810555575,1.5e-05,6.299951715833362e-05,6.702830394188984e-05,7.213142426439533,False
105.0,SLEEP,30.0,120.0,1.5e-05,3.6,5.4000000000000005e-05,0.9999920180555604,4.199968072222242,4.1999678022222415,1.5e-05,6.299951703333363e-05,6.704580380773243e-05,7.213142411412034,False
106.0,SLEEP,30.0,120.0,1.5e-05,3.6,5.4000000000000005e-05,0.9999920159722271,4.1999680638889085,4.199967793888908,1.5e-05,6.299951690833363e-05,6.70633036735403e-05,7.2131423963845345,False
107.0,SLEEP,30.0,120.0,1.5e-05,3.6,5.4000000000000005e-05,0.9999920138888938,4.199968055555575,4.199967785555575,1.5e-05,6.299951678333363e-05,6.708080353931344e-05,7.213142381357034,False
108.0,SLEEP,30.0,120.0,1.5e-05,3.6,5.4000000000000005e-05,0.9999920118055605,4.199968047222242,4.199967777222242,1.5e-05,6.299951665833364e-05,6.709830340505187e-05,7.213142366329535,False
109.0,SLEEP,30.0,120.0,1.5e-05,3.6,5.4000000000000005e-05,0.9999920097222272,4.199968038888909,4.199967768888909,1.5e-05,6.299951653333364e-05,6.711580327075557e-05,7.213142351302035,False
110.0,SLEEP,30.0,120.0,1.5e-05,3.6,5.4000000000000005e-05,0.999992007638894,4.199968030555576,4.199967760555576,1.5e-05,6.299951640833364e-05,6.713330313642455e-05,7.213142336274536,False
111.0,SLEEP,30.0,120.0,1.5e-05,3.6,5.4000000000000005e-05,0.9999920055555607,4.199968022222243,4.199967752222243,1.5e-05,6.299951628333364e-05,6.715080300205881e-05,7.2131423212470365,False
112.0,SLEEP,30.0,120.0,1.5e-05,3.6,5.4000000000000005e-05,0.9999920034722274,4.19996801388891,4.19996774388891,1.5e-05,6.299951615833364e-05,6.716830286765835e-05,7.213142306219536,False
113.0,SLEEP,30.0,120.0,1.5e-05,3.6,5.4000000000000005e-05,0.9999920013888941,4.199968005555577,4.1999677355555765,1.5e-05,6.299951603333364e-05,6.718580273322317e-05,7.213142291192037,False
114.0,SLEEP,30.0,120.0,1.5e-05,3.6,5.4000000000000005e-05,0.9999919993055608,4.1999679972222435,4.199967727222243,1.5e-05,6.299951590833366e-05,6.720330259875326e-05,7.213142276164537,False
115.0,SLEEP,30.0,120.0,1.5e-05,3.6,5.4000000000000005e-05,0.9999919972222275,4.19996798888891,4.19996771888891,1.5e-05,6.299951578333366e-05,6.722080246424864e-05,7.213142261137038,False
116.0,SLEEP,30.0,120.0,1.5e-05,3.6,5.4000000000000005e-05,0.9999919951388943,4.199967980555577,4.199967710555577,1.5e-05,6.299951565833366e-05,6.723830232970929e-05,7.213142246109538,False
117.0,SLEEP,30.0,120.0,1.5e-05,3.6,5.4000000000000005e-05,0.999991993055561,4.199967972222244,4.199967702222244,1.5e-05,6.299951553333366e-05,6.725580219513522e-05,7.213142231082038,False
118.0,SLEEP,30.0,120.0,1.5e-05,3.6,5.4000000000000005e-05,0.9999919909722277,4.199967963888911,4.199967693888911,1.5e-05,6.299951540833366e-05,6.727330206052643e-05,7.213142216054539,False
119.0,SLEEP,30.0,120.0,1.5e-05,3.6,5.4000000000000005e-05,0.9999919888888944,4.199967955555578,4.199967685555578,1.5e-05,6.299951528333367e-05,6.729080192588292e-05,7.213142201027039,False
120.0,LORA_TX,30.0,120.0,0.12,3.6,0.432,0.9999753222222277,4.199901288888912,4.197741288888912,0.12,0.5037289546666693,0.0002072155115555133,7.21302198102726,False
121.0,SAMPLING,30.0,120.0,0.008,3.6,0.028800000000000003,0.9999742111111166,4.199896844444467,4.199752844444467,0.008,0.03359802275555574,0.00021654829565427878,7.213013966360608,False
122.0,SLEEP,30.0,120.0,1.5e-05,3.6,5.4000000000000005e-05,0.9999742090277833,4.199896836111133,4.199896566111133,1.5e-05,6.299844849166699e-05,0.00021656579522330425,7.213013951333108,False
123.0,SLEEP,30.0,120.0,1.5e-05,3.6,5.4000000000000005e-05,0.99997420694445,4.199896827777801,4.199896557777801,1.5e-05,6.299844836666702e-05,0.000216583294792295,7.213013936305608,False
124.0,SLEEP,30.0,120.0,1.5e-05,3.6,5.4000000000000005e-05,0.9999742048611168,4.199896819444467,4.199896549444467,1.5e-05,6.2998448241667e-05,0.00021660079436125102,7.213013921278109,False
125.0,SLEEP,30.0,120.0,1.5e-05,3.6,5.4000000000000005e-05,0.9999742027777835,4.1998968111111346,4.199896541111134,1.5e-05,6.299844811666702e-05,0.00021661829393017232,7.213013906250609,False
126.0,SLEEP,30.0,120.0,1.5e-05,3.6,5.4000000000000005e-05,0.9999742006944502,4.1998968027778005,4.1998965327778,1.5e-05,6.2998447991667e-05,0.0002166357934990589,7.21301389122311,False
127.0,SLEEP,30.0,120.0,1.5e-05,3.6,5.4000000000000005e-05,0.9999741986111169,4.199896794444468,4.199896524444468,1.5e-05,6.299844786666702e-05,0.00021665329306791076,7.2130138761956095,False
128.0,SLEEP,30.0,120.0,1.5e-05,3.6,5.4000000000000005e-05,0.9999741965277836,4.199896786111134,4.199896516111134,1.5e-05,6.299844774166701e-05,0.0002166707926367279,7.21301386116811,False
129.0,SLEEP,30.0,120.0,1.5e-05,3.6,5.4000000000000005e-05,0.9999741944444503,4.199896777777802,4.199896507777802,1.5e-05,6.299844761666703e-05,0.0002166882922055103,7.213013846140611,False
130.0,SLEEP,30.0,120.0,1.5e-05,3.6,5.4000000000000005e-05,0.9999741923611171,4.199896769444468,4.199896499444468,1.5e-05,6.299844749166702e-05,0.000216705791774258,7.213013831113111,False
131.0,SLEEP,30.0,120.0,1.5e-05,3.6,5.4000000000000005e-05,0.9999741902777838,4.199896761111136,4.199896491111136,1.5e-05,6.299844736666704e-05,0.00021672329134297098,7.213013816085612,False
132.0,SLEEP,30.0,120.0,1.5e-05,3.6,5.4000000000000005e-05,0.9999741881944505,4.199896752777802,4.199896482777802,1.5e-05,6.299844724166702e-05,0.00021674079091164923,7.2130138010581115,False
133.0,SLEEP,30.0,120.0,1.5e-05,3.6,5.4000000000000005e-05,0.9999741861111172,4.1998967444444695,4.199896474444469,1.5e-05,6.299844711666704e-05,0.00021675829048029276,7.213013786030612,False
134.0,SLEEP,30.0,120.0,1.5e-05,3.6,5.4000000000000005e-05,0.9999741840277839,4.1998967361111355,4.199896466111135,1.5e-05,6.299844699166704e-05,0.00021677579004890157,7.213013771003113,False
135.0,SLEEP,30.0,120.0,1.5e-05,3.6,5.4000000000000005e-05,0.9999741819444506,4.199896727777803,4.199896457777803,1.5e-05,6.299844686666705e-05,0.00021679328961747565,7.213013755975613,False
136.0,SLEEP,30.0,120.0,1.5e-05,3.6,5.4000000000000005e-05,0.9999741798611174,4.199896719444469,4.199896449444469,1.5e-05,6.299844674166704e-05,0.00021681078918601502,7.213013740948114,False
137.0,SLEEP,30.0,120.0,1.5e-05,3.6,5.4000000000000005e-05,0.9999741777777841,4.199896711111137,4.199896441111137,1.5e-05,6.299844661666705e-05,0.00021682828875451966,7.2130137259206135,False
138.0,SLEEP,30.0,120.0,1.5e-05,3.6,5.4000000000000005e-05,0.9999741756944508,4.199896702777803,4.199896432777803,1.5e-05,6.299844649166704e-05,0.00021684578832298956,7.213013710893114,False
139.0,SLEEP,30.0,120.0,1.5e-05,3.6,5.4000000000000005e-05,0.9999741736111175,4.199896694444471,4.1998964244444705,1.5e-05,6.299844636666705e-05,0.00021686328789142473,7.213013695865614,False
140.0,SLEEP,30.0,120.0,1.5e-05,3.6,5.4000000000000005e-05,0.9999741715277842,4.199896686111137,4.1998964161111365,1.5e-05,6.299844624166705e-05,0.00021688078745982518,7.213013680838115,False
141.0,SLEEP,30.0,120.0,1.5e-05,3.6,5.4000000000000005e-05,0.9999741694444509,4.199896677777804,4.199896407777804,1.5e-05,6.299844611666707e-05,0.0002168982870281909,7.213013665810616,False
142.0,SLEEP,30.0,120.0,1.5e-05,3.6,5.4000000000000005e-05,0.9999741673611177,4.19989666944447,4.19989639944447,1.5e-05,6.299844599166705e-05,0.00021691578659652192,7.2130136507831155,False
143.0,SLEEP,30.0,120.0,1.5e-05,3.6,5.4000000000000005e-05,0.9999741652777844,4.199896661111138,4.199896391111138,1.5e-05,6.299844586666707e-05,0.0002169332861648182,7.213013635755616,False
144.0,SLEEP,30.0,120.0,1.5e-05,3.6,5.4000000000000005e-05,0.9999741631944511,4.199896652777804,4.199896382777804,1.5e-05,6.299844574166706e-05,0.00021695078573307977,7.213013620728116,False
145.0,SLEEP,30.0,120.0,1.5e-05,3.6,5.4000000000000005e-05,0.9999741611111178,4.199896644444472,4.199896374444472,1.5e-05,6.299844561666708e-05,0.00021696828530130661,7.213013605700617,False
146.0,SLEEP,30.0,120.0,1.5e-05,3.6,5.4000000000000005e-05,0.9999741590277845,4.199896636111138,4.199896366111138,1.5e-05,6.299844549166707e-05,0.00021698578486949874,7.213013590673118,False
147.0,SLEEP,30.0,120.0,1.5e-05,3.6,5.4000000000000005e-05,0.9999741569444512,4.199896627777806,4.1998963577778055,1.5e-05,6.299844536666708e-05,0.00021700328443765614,7.2130135756456175,False
148.0,SLEEP,30.0,120.0,1.5e-05,3.6,5.4000000000000005e-05,0.999974154861118,4.199896619444472,4.199896349444471,1.5e-05,6.299844524166707e-05,0.00021702078400577881,7.213013560618118,False
149.0,SLEEP,30.0,120.0,1.5e-05,3.6,5.4000000000000005e-05,0.9999741527777847,4.199896611111139,4.199896341111139,1.5e-05,6.299844511666709e-05,0.00021703828357386677,7.213013545590618,False
150.0,SAMPLING,30.0,120.0,0.008,3.6,0.028800000000000003,0.9999730416666736,4.199892166666695,4.199748166666695,0.008,0.03359798533333356,0.00022637105727757055,7.213005530923966,False
151.0,SAMPLING,30.0,120.0,0.008,3.6,0.028800000000000003,0.9999719305555624,4.19988772222225,4.199743722222251,0.008,0.033597949777778004,0.0002357038211047311,7.212997516257315,False
152.0,SLEEP,30.0,120.0,1.5e-05,3.6,5.4000000000000005e-05,0.9999719284722292,4.199887713888916,4.199887443888916,1.5e-05,6.299831165833374e-05,0.00023572132063574732,7.212997501229815,False
153.0,SLEEP,30.0,120.0,1.5e-05,3.6,5.4000000000000005e-05,0.9999719263888959,4.199887705555584,4.199887435555584,1.5e-05,6.299831153333377e-05,0.00023573882016672881,7.212997486202315,False
154.0,SLEEP,30.0,120.0,1.5e-05,3.6,5.4000000000000005e-05,0.9999719243055626,4.19988769722225,4.19988742722225,1.5e-05,6.299831140833375e-05,0.00023575631969767558,7.212997471174815,False
155.0,SLEEP,30.0,120.0,1.5e-05,3.6,5.4000000000000005e-05,0.9999719222222293,4.199887688888918,4.199887418888918,1.5e-05,6.299831128333377e-05,0.00023577381922858763,7.212997456147316,False
156.0,SLEEP,30.0,120.0,1.5e-05,3.6,5.4000000000000005e-05,0.999971920138896,4.199887680555584,4.199887410555584,1.5e-05,6.299831115833375e-05,0.00023579131875946496,7.212997441119816,False
157.0,SLEEP,30.0,120.0,1.5e-05,3.6,5.4000000000000005e-05,0.9999719180555627,4.199887672222252,4.199887402222251,1.5e-05,6.299831103333377e-05,0.00023580881829030756,7.212997426092317,False
158.0,SLEEP,30.0,120.0,1.5e-05,3.6,5.4000000000000005e-05,0.9999719159722295,4.1998876638889175,4.199887393888917,1.5e-05,6.299831090833377e-05,0.00023582631782111544,7.212997411064817,False
159.0,SLEEP,30.0,120.0,1.5e-05,3.6,5.4000000000000005e-05,0.9999719138888962,4.199887655555585,4.199887385555585,1.5e-05,6.299831078333378e-05,0.0002358438173518886,7.212997396037317,False
160.0,SLEEP,30.0,120.0,1.5e-05,3.6,5.4000000000000005e-05,0.9999719118055629,4.199887647222251,4.199887377222251,1.5e-05,6.299831065833377e-05,0.00023586131688262704,7.212997381009818,False
161.0,SLEEP,30.0,120.0,1.5e-05,3.6,5.4000000000000005e-05,0.9999719097222296,4.199887638888919,4.199887368888919,1.5e-05,6.299831053333378e-05,0.00023587881641333073,7.212997365982318,False
162.0,SLEEP,30.0,120.0,1.5e-05,3.6,5.4000000000000005e-05,0.9999719076388963,4.199887630555585,4.199887360555585,1.5e-05,6.299831040833377e-05,0.0002358963159439997,7.212997350954819,False
163.0,SLEEP,30.0,120.0,1.5e-05,3.6,5.4000000000000005e-05,0.999971905555563,4.199887622222253,4.199887352222253,1.5e-05,6.299831028333378e-05,0.00023591381547463395,7.212997335927319,False
164.0,SLEEP,30.0,120.0,1.5e-05,3.6,5.4000000000000005e-05,0.9999719034722298,4.199887613888919,4.199887343888919,1.5e-05,6.299831015833379e-05,0.00023593131500523347,7.212997320899819,False
165.0,SLEEP,30.0,120.0,1.5e-05,3.6,5.4000000000000005e-05,0.9999719013888965,4.1998876055555865,4.199887335555586,1.5e-05,6.29983100333338e-05,0.00023594881453579828,7.21299730587232,False
166.0,SLEEP,30.0,120.0,1.5e-05,3.6,5.4000000000000005e-05,0.9999718993055632,4.1998875972222525,4.199887327222252,1.5e-05,6.299830990833379e-05,0.00023596631406632836,7.21299729084482,False
167.0,SLEEP,30.0,120.0,1.5e-05,3.6,5.4000000000000005e-05,0.9999718972222299,4.19988758888892,4.19988731888892,1.5e-05,6.29983097833338e-05,0.00023598381359682372,7.212997275817321,False
168.0,SLEEP,30.0,120.0,1.5e-05,3.6,5.4000000000000005e-05,0.9999718951388966,4.199887580555586,4.199887310555586,1.5e-05,6.299830965833379e-05,0.00023600131312728436,7.2129972607898205,False
169.0,SLEEP,30.0,120.0,1.5e-05,3.6,5.4000000000000005e-05,0.9999718930555633,4.199887572222254,4.199887302222254,1.5e-05,6.299830953333381e-05,0.00023601881265771028,7.212997245762321,False
170.0,SLEEP,30.0,120.0,1.5e-05,3.6,5.4000000000000005e-05,0.99997189097223,4.19988756388892,4.19988729388892,1.5e-05,6.29983094083338e-05,0.00023603631218810148,7.212997230734822,False
171.0,SLEEP,30.0,120.0,1.5e-05,3.6,5.4000000000000005e-05,0.9999718888888968,4.199887555555588,4.1998872855555875,1.5e-05,6.299830928333382e-05,0.00023605381171845795,7.212997215707322,False
172.0,SLEEP,30.0,120.0,1.5e-05,3.6,5.4000000000000005e-05,0.9999718868055635,4.199887547222254,4.1998872772222535,1.5e-05,6.29983091583338e-05,0.0002360713112487797,7.212997200679823,False
173.0,SLEEP,30.0,120.0,1.5e-05,3.6,5.4000000000000005e-05,0.9999718847222302,4.199887538888921,4.199887268888921,1.5e-05,6.299830903333382e-05,0.00023608881077906673,7.2129971856523225,False
174.0,SLEEP,30.0,120.0,1.5e-05,3.6,5.4000000000000005e-05,0.9999718826388969,4.199887530555587,4.199887260555587,1.5e-05,6.29983089083338e-05,0.00023610631030931904,7.212997170624823,False
175.0,SLEEP,30.0,120.0,1.5e-05,3.6,5.4000000000000005e-05,0.9999718805555636,4.199887522222255,4.199887252222255,1.5e-05,6.299830878333383e-05,0.00023612380983953663,7.212997155597324,False
176.0,SLEEP,30.0,120.0,1.5e-05,3.6,5.4000000000000005e-05,0.9999718784722303,4.199887513888921,4.199887243888921,1.5e-05,6.299830865833382e-05,0.0002361413093697195,7.212997140569824,False
177.0,SLEEP,30.0,120.0,1.5e-05,3.6,5.4000000000000005e-05,0.9999718763888971,4.199887505555589,4.199887235555589,1.5e-05,6.299830853333383e-05,0.00023615880889986765,7.212997125542325,False
178.0,SLEEP,30.0,120.0,1.5e-05,3.6,5.4000000000000005e-05,0.9999718743055638,4.199887497222255,4.199887227222255,1.5e-05,6.299830840833382e-05,0.00023617630842998107,7.2129971105148245,False
179.0,SLEEP,30.0,120.0,1.5e-05,3.6,5.4000000000000005e-05,0.9999718722222305,4.199887488888923,4.1998872188889225,1.5e-05,6.299830828333383e-05,0.00023619380796005977,7.212997095487325,False
180.0,SAMPLING,30.0,120.0,0.008,3.6,0.028800000000000003,0.9999707611111194,4.199883044444478,4.199739044444478,0.008,0.03359791235555583,0.0002455265613921586,7.212989080820673,False
181.0,SAMPLING,30.0,120.0,0.008,3.6,0.028800000000000003,0.9999696500000083,4.199878600000034,4.199734600000034,0.008,0.03359787680000027,0.00025485930494771424,7.212981066154021,False
182.0,SLEEP,30.0,120.0,1.5e-05,3.6,5.4000000000000005e-05,0.999969647916675,4.1998785916667,4.1998783216666995,1.5e-05,6.29981748250005e-05,0.0002548768044407212,7.212981051126522,False
183.0,SLEEP,30.0,120.0,1.5e-05,3.6,5.4000000000000005e-05,0.9999696458333417,4.199878583333367,4.199878313333367,1.5e-05,6.299817470000051e-05,0.0002548943039336934,7.212981036099022,False
184.0,SLEEP,30.0,120.0,1.5e-05,3.6,5.4000000000000005e-05,0.9999696437500084,4.199878575000033,4.199878305000033,1.5e-05,6.29981745750005e-05,0.0002549118034266309,7.212981021071522,False
185.0,SLEEP,30.0,120.0,1.5e-05,3.6,5.4000000000000005e-05,0.9999696416666751,4.199878566666701,4.199878296666701,1.5e-05,6.299817445000052e-05,0.0002549293029195337,7.212981006044022,False
186.0,SLEEP,30.0,120.0,1.5e-05,3.6,5.4000000000000005e-05,0.9999696395833418,4.199878558333367,4.199878288333367,1.5e-05,6.29981743250005e-05,0.00025494680241240175,7.212980991016523,False
187.0,SLEEP,30.0,120.0,1.5e-05,3.6,5.4000000000000005e-05,0.9999696375000086,4.199878550000035,4.199878280000035,1.5e-05,6.299817420000052e-05,0.00025496430190523507,7.212980975989024,False
188.0,SLEEP,30.0,120.0,1.5e-05,3.6,5.4000000000000005e-05,0.9999696354166753,4.199878541666701,4.199878271666701,1.5e-05,6.299817407500052e-05,0.0002549818013980337,7.212980960961524,False
189.0,SLEEP,30.0,120.0,1.5e-05,3.6,5.4000000000000005e-05,0.999969633333342,4.199878533333369,4.1998782633333684,1.5e-05,6.299817395000053e-05,0.0002549993008907976,7.212980945934024,False
190.0,SLEEP,30.0,120.0,1.5e-05,3.6,5.4000000000000005e-05,0.9999696312500087,4.199878525000035,4.199878255000034,1.5e-05,6.299817382500052e-05,0.00025501680038352676,7.212980930906524,False
191.0,SLEEP,30.0,120.0,1.5e-05,3.6,5.4000000000000005e-05,0.9999696291666754,4.199878516666702,4.199878246666702,1.5e-05,6.299817370000053e-05,0.0002550342998762212,7.212980915879025,False
192.0,SLEEP,30.0,120.0,1.5e-05,3.6,5.4000000000000005e-05,0.9999696270833421,4.199878508333368,4.199878238333368,1.5e-05,6.299817357500052e-05,0.00025505179936888094,7.212980900851526,False
193.0,SLEEP,30.0,120.0,1.5e-05,3.6,5.4000000000000005e-05,0.9999696250000089,4.199878500000036,4.199878230000036,1.5e-05,6.299817345000055e-05,0.00025506929886150593,7.212980885824026,False
194.0,SLEEP,30.0,120.0,1.5e-05,3.6,5.4000000000000005e-05,0.9999696229166756,4.199878491666702,4.199878221666702,1.5e-05,6.299817332500053e-05,0.00025508679835409623,7.212980870796526,False
195.0,SLEEP,30.0,120.0,1.5e-05,3.6,5.4000000000000005e-05,0.9999696208333423,4.19987848333337,4.19987821333337,1.5e-05,6.299817320000055e-05,0.0002551042978466518,7.212980855769026,False
196.0,SLEEP,30.0,120.0,1.5e-05,3.6,5.4000000000000005e-05,0.999969618750009,4.199878475000036,4.199878205000036,1.5e-05,6.299817307500053e-05,0.00025512179733917263,7.212980840741527,False
197.0,SLEEP,30.0,120.0,1.5e-05,3.6,5.4000000000000005e-05,0.9999696166666757,4.1998784666667035,4.199878196666703,1.5e-05,6.299817295000055e-05,0.00025513929683165874,7.212980825714027,False
198.0,SLEEP,30.0,120.0,1.5e-05,3.6,5.4000000000000005e-05,0.9999696145833424,4.1998784583333695,4.199878188333369,1.5e-05,6.299817282500054e-05,0.00025515679632411015,7.212980810686528,False
199.0,SLEEP,30.0,120.0,1.5e-05,3.6,5.4000000000000005e-05,0.9999696125000092,4.199878450000037,4.199878180000037,1.5e-05,6.299817270000056e-05,0.0002551742958165268,7.212980795659028,False
200.0,SLEEP,30.0,120.0,1.5e-05,3.6,5.4000000000000005e-05,0.9999696104166759,4.199878441666703,4.199878171666703,1.5e-05,6.299817257500055e-05,0.0002551917953089088,7.212980780631528,False
201.0,SLEEP,30.0,120.0,1.5e-05,3.6,5.4000000000000005e-05,0.9999696083333426,4.199878433333371,4.199878163333371,1.5e-05,6.299817245000056e-05,0.000255209294801256,7.212980765604029,False
202.0,SLEEP,30.0,120.0,1.5e-05,3.6,5.4000000000000005e-05,0.9999696062500093,4.199878425000037,4.199878155000037,1.5e-05,6.299817232500055e-05,0.0002552267942935685,7.212980750576529,False
203.0,SLEEP,30.0,120.0,1.5e-05,3.6,5.4000000000000005e-05,0.999969604166676,4.199878416666705,4.199878146666705,1.5e-05,6.299817220000057e-05,0.0002552442937858463,7.21298073554903,False
204.0,SLEEP,30.0,120.0,1.5e-05,3.6,5.4000000000000005e-05,0.9999696020833427,4.199878408333371,4.1998781383333705,1.5e-05,6.299817207500057e-05,0.0002552617932780894,7.21298072052153,False
205.0,SLEEP,30.0,120.0,1.5e-05,3.6,5.4000000000000005e-05,0.9999696000000095,4.199878400000038,4.199878130000038,1.5e-05,6.299817195000058e-05,0.0002552792927702977,7.21298070549403,False
206.0,SLEEP,30.0,120.0,1.5e-05,3.6,5.4000000000000005e-05,0.9999695979166762,4.199878391666704,4.199878121666704,1.5e-05,6.299817182500057e-05,0.0002552967922624713,7.212980690466531,False
207.0,SLEEP,30.0,120.0,1.5e-05,3.6,5.4000000000000005e-05,0.9999695958333429,4.199878383333372,4.199878113333372,1.5e-05,6.299817170000058e-05,0.0002553142917546102,7.212980675439031,False
208.0,SLEEP,30.0,120.0,1.5e-05,3.6,5.4000000000000005e-05,0.9999695937500096,4.199878375000038,4.199878105000038,1.5e-05,6.299817157500057e-05,0.00025533179124671433,7.212980660411532,False
209.0,SLEEP,30.0,120.0,1.5e-05,3.6,5.4000000000000005e-05,0.9999695916666763,4.199878366666706,4.199878096666706,1.5e-05,6.299817145000058e-05,0.0002553492907387838,7.2129806453840315,False
210.0,SAMPLING,30.0,120.0,0.008,3.6,0.028800000000000003,0.9999684805555652,4.199873922222261,4.199729922222262,0.008,0.0335978393777781,0.0002646820238992777,7.21297263071738,False
211.0,SAMPLING,30.0,120.0,0.008,3.6,0.028800000000000003,0.9999673694444541,4.199869477777817,4.199725477777817,0.008,0.033597803822222536,0.0002740147471832284,7.212964616050728,False
212.0,SLEEP,30.0,120.0,1.5e-05,3.6,5.4000000000000005e-05,0.9999673673611208,4.199869469444483,4.199869199444483,1.5e-05,6.299803799166725e-05,0.0002740322466382261,7.212964601023228,False
213.0,SLEEP,30.0,120.0,1.5e-05,3.6,5.4000000000000005e-05,0.9999673652777875,4.199869461111151,4.1998691911111505,1.5e-05,6.299803786666726e-05,0.0002740497460931891,7.212964585995729,False
214.0,SLEEP,30.0,120.0,1.5e-05,3.6,5.4000000000000005e-05,0.9999673631944542,4.199869452777817,4.1998691827778165,1.5e-05,6.299803774166725e-05,0.00027406724554811734,7.212964570968229,False
215.0,SLEEP,30.0,120.0,1.5e-05,3.6,5.4000000000000005e-05,0.999967361111121,4.199869444444484,4.199869174444484,1.5e-05,6.299803761666726e-05,0.00027408474500301085,7.212964555940729,False
216.0,SLEEP,30.0,120.0,1.5e-05,3.6,5.4000000000000005e-05,0.9999673590277877,4.19986943611115,4.19986916611115,1.5e-05,6.299803749166725e-05,0.00027410224445786966,7.21296454091323,False
217.0,SLEEP,30.0,120.0,1.5e-05,3.6,5.4000000000000005e-05,0.9999673569444544,4.199869427777818,4.199869157777818,1.5e-05,6.299803736666728e-05,0.00027411974391269373,7.21296452588573,False
218.0,SLEEP,30.0,120.0,1.5e-05,3.6,5.4000000000000005e-05,0.9999673548611211,4.199869419444484,4.199869149444484,1.5e-05,6.299803724166727e-05,0.0002741372433674831,7.212964510858231,False
219.0,SLEEP,30.0,120.0,1.5e-05,3.6,5.4000000000000005e-05,0.9999673527777878,4.199869411111152,4.199869141111152,1.5e-05,6.299803711666728e-05,0.0002741547428222377,7.212964495830731,False
220.0,SLEEP,30.0,120.0,1.5e-05,3.6,5.4000000000000005e-05,0.9999673506944545,4.199869402777818,4.199869132777818,1.5e-05,6.299803699166727e-05,0.00027417224227695765,7.212964480803231,False
221.0,SLEEP,30.0,120.0,1.5e-05,3.6,5.4000000000000005e-05,0.9999673486111212,4.199869394444486,4.1998691244444855,1.5e-05,6.299803686666728e-05,0.00027418974173164284,7.212964465775732,False
222.0,SLEEP,30.0,120.0,1.5e-05,3.6,5.4000000000000005e-05,0.999967346527788,4.199869386111152,4.199869116111151,1.5e-05,6.299803674166727e-05,0.0002742072411862933,7.212964450748232,False
223.0,SLEEP,30.0,120.0,1.5e-05,3.6,5.4000000000000005e-05,0.9999673444444547,4.199869377777819,4.199869107777819,1.5e-05,6.29980366166673e-05,0.00027422474064090906,7.212964435720733,False
224.0,SLEEP,30.0,120.0,1.5e-05,3.6,5.4000000000000005e-05,0.9999673423611214,4.199869369444485,4.199869099444485,1.5e-05,6.299803649166728e-05,0.0002742422400954901,7.212964420693233,False
225.0,SLEEP,30.0,120.0,1.5e-05,3.6,5.4000000000000005e-05,0.9999673402777881,4.199869361111153,4.199869091111153,1.5e-05,6.29980363666673e-05,0.0002742597395500364,7.212964405665733,False
226.0,SLEEP,30.0,120.0,1.5e-05,3.6,5.4000000000000005e-05,0.9999673381944548,4.199869352777819,4.199869082777819,1.5e-05,6.299803624166728e-05,0.000274277239004548,7.212964390638233,False
227.0,SLEEP,30.0,120.0,1.5e-05,3.6,5.4000000000000005e-05,0.9999673361111215,4.199869344444487,4.199869074444487,1.5e-05,6.29980361166673e-05,0.00027429473845902485,7.212964375610734,False
228.0,SLEEP,30.0,120.0,1.5e-05,3.6,5.4000000000000005e-05,0.9999673340277883,4.199869336111153,4.199869066111153,1.5e-05,6.29980359916673e-05,0.000274312237913467,7.212964360583235,False
229.0,SLEEP,30.0,120.0,1.5e-05,3.6,5.4000000000000005e-05,0.999967331944455,4.1998693277778205,4.19986905777782,1.5e-05,6.299803586666731e-05,0.0002743297373678744,7.212964345555735,False
230.0,SLEEP,30.0,120.0,1.5e-05,3.6,5.4000000000000005e-05,0.9999673298611217,4.1998693194444865,4.199869049444486,1.5e-05,6.29980357416673e-05,0.00027434723682224707,7.212964330528235,False
231.0,SLEEP,30.0,120.0,1.5e-05,3.6,5.4000000000000005e-05,0.9999673277777884,4.199869311111154,4.199869041111154,1.5e-05,6.299803561666731e-05,0.00027436473627658503,7.212964315500735,False
232.0,SLEEP,30.0,120.0,1.5e-05,3.6,5.4000000000000005e-05,0.9999673256944551,4.19986930277782,4.19986903277782,1.5e-05,6.29980354916673e-05,0.00027438223573088825,7.212964300473236,False
233.0,SLEEP,30.0,120.0,1.5e-05,3.6,5.4000000000000005e-05,0.9999673236111218,4.199869294444488,4.199869024444488,1.5e-05,6.299803536666731e-05,0.00027439973518515677,7.212964285445737,False
234.0,SLEEP,30.0,120.0,1.5e-05,3.6,5.4000000000000005e-05,0.9999673215277886,4.199869286111154,4.199869016111154,1.5e-05,6.299803524166731e-05,0.00027441723463939054,7.212964270418237,False
235.0,SLEEP,30.0,120.0,1.5e-05,3.6,5.4000000000000005e-05,0.9999673194444553,4.199869277777822,4.199869007777822,1.5e-05,6.299803511666733e-05,0.0002744347340935896,7.212964255390737,False
236.0,SLEEP,30.0,120.0,1.5e-05,3.6,5.4000000000000005e-05,0.999967317361122,4.199869269444488,4.1998689994444875,1.5e-05,6.299803499166731e-05,0.00027445223354775395,7.212964240363237,False
237.0,SLEEP,30.0,120.0,1.5e-05,3.6,5.4000000000000005e-05,0.9999673152777887,4.199869261111155,4.199868991111155,1.5e-05,6.299803486666733e-05,0.0002744697330018836,7.212964225335738,False
238.0,SLEEP,30.0,120.0,1.5e-05,3.6,5.4000000000000005e-05,0.9999673131944554,4.199869252777821,4.199868982777821,1.5e-05,6.299803474166732e-05,0.0002744872324559785,7.212964210308238,False
239.0,SLEEP,30.0,120.0,1.5e-05,3.6,5.4000000000000005e-05,0.9999673111111221,4.199869244444489,4.199868974444489,1.5e-05,6.299803461666734e-05,0.00027450473191003867,7.212964195280739,False
240.0,LORA_TX,30.0,120.0,0.12,3.6,0.432,0.9999506444444555,4.199802577777822,4.197642577777822,0.12,0.5037171093333387,0.0004144261511692994,7.212843975280959,False
241.0,SAMPLING,30.0,120.0,0.008,3.6,0.028800000000000003,0.9999495333333444,4.199798133333378,4.199654133333378,0.008,0.03359723306666702,0.0004237587159100402,7.212835960614307,False
242.0,SLEEP,30.0,120.0,1.5e-05,3.6,5.4000000000000005e-05,0.9999495312500111,4.1997981250000445,4.199797855000044,1.5e-05,6.299696782500066e-05,0.00042377621506776937,7.212835945586807,False
243.0,SLEEP,30.0,120.0,1.5e-05,3.6,5.4000000000000005e-05,0.9999495291666778,4.199798116666711,4.199797846666711,1.5e-05,6.299696770000068e-05,0.0004237937142254638,7.212835930559308,False
244.0,SLEEP,30.0,120.0,1.5e-05,3.6,5.4000000000000005e-05,0.9999495270833445,4.199798108333378,4.199797838333378,1.5e-05,6.299696757500068e-05,0.0004238112133831235,7.212835915531809,False
245.0,SLEEP,30.0,120.0,1.5e-05,3.6,5.4000000000000005e-05,0.9999495250000112,4.199798100000045,4.199797830000045,1.5e-05,6.299696745000068e-05,0.0004238287125407485,7.212835900504309,False
246.0,SLEEP,30.0,120.0,1.5e-05,3.6,5.4000000000000005e-05,0.9999495229166779,4.199798091666712,4.199797821666712,1.5e-05,6.299696732500068e-05,0.0004238462116983388,7.212835885476809,False
247.0,SLEEP,30.0,120.0,1.5e-05,3.6,5.4000000000000005e-05,0.9999495208333447,4.199798083333379,4.199797813333379,1.5e-05,6.299696720000068e-05,0.00042386371085589435,7.212835870449309,False
248.0,SLEEP,30.0,120.0,1.5e-05,3.6,5.4000000000000005e-05,0.9999495187500114,4.199798075000046,4.1997978050000455,1.5e-05,6.299696707500068e-05,0.00042388121001341516,7.21283585542181,False
249.0,SLEEP,30.0,120.0,1.5e-05,3.6,5.4000000000000005e-05,0.9999495166666781,4.1997980666667125,4.199797796666712,1.5e-05,6.299696695000069e-05,0.0004238987091709013,7.21283584039431,False
250.0,SLEEP,30.0,120.0,1.5e-05,3.6,5.4000000000000005e-05,0.9999495145833448,4.199798058333379,4.199797788333379,1.5e-05,6.299696682500069e-05,0.00042391620832835265,7.212835825366811,False
251.0,SLEEP,30.0,120.0,1.5e-05,3.6,5.4000000000000005e-05,0.9999495125000115,4.199798050000046,4.199797780000046,1.5e-05,6.299696670000069e-05,0.00042393370748576933,7.212835810339311,False
252.0,SLEEP,30.0,120.0,1.5e-05,3.6,5.4000000000000005e-05,0.9999495104166782,4.199798041666713,4.199797771666713,1.5e-05,6.29969665750007e-05,0.00042395120664315126,7.212835795311811,False
253.0,SLEEP,30.0,120.0,1.5e-05,3.6,5.4000000000000005e-05,0.999949508333345,4.19979803333338,4.19979776333338,1.5e-05,6.29969664500007e-05,0.0004239687058004985,7.212835780284312,False
254.0,SLEEP,30.0,120.0,1.5e-05,3.6,5.4000000000000005e-05,0.9999495062500117,4.199798025000047,4.199797755000047,1.5e-05,6.299696632500071e-05,0.000423986204957811,7.212835765256812,False
255.0,SLEEP,30.0,120.0,1.5e-05,3.6,5.4000000000000005e-05,0.9999495041666784,4.199798016666714,4.199797746666714,1.5e-05,6.299696620000071e-05,0.00042400370411508877,7.212835750229313,False
256.0,SLEEP,30.0,120.0,1.5e-05,3.6,5.4000000000000005e-05,0.9999495020833451,4.199798008333381,4.19979773833338,1.5e-05,6.299696607500071e-05,0.0004240212032723318,7.212835735201813,False
257.0,SLEEP,30.0,120.0,1.5e-05,3.6,5.4000000000000005e-05,0.9999495000000118,4.199798000000047,4.199797730000047,1.5e-05,6.299696595000071e-05,0.00042403870242954016,7.212835720174313,False
258.0,SLEEP,30.0,120.0,1.5e-05,3.6,5.4000000000000005e-05,0.9999494979166785,4.199797991666714,4.199797721666714,1.5e-05,6.299696582500071e-05,0.00042405620158671376,7.212835705146814,False
259.0,SLEEP,30.0,120.0,1.5e-05,3.6,5.4000000000000005e-05,0.9999494958333452,4.199797983333381,4.199797713333381,1.5e-05,6.299696570000071e-05,0.00042407370074385266,7.212835690119314,False
260.0,SLEEP,30.0,120.0,1.5e-05,3.6,5.4000000000000005e-05,0.999949493750012,4.199797975000048,4.199797705000048,1.5e-05,6.299696557500072e-05,0.0004240911999009568,7.212835675091815,False
261.0,SLEEP,30.0,120.0,1.5e-05,3.6,5.4000000000000005e-05,0.9999494916666787,4.199797966666715,4.199797696666715,1.5e-05,6.299696545000072e-05,0.0004241086990580263,7.212835660064314,False
262.0,SLEEP,30.0,120.0,1.5e-05,3.6,5.4000000000000005e-05,0.9999494895833454,4.199797958333382,4.199797688333382,1.5e-05,6.299696532500073e-05,0.000424126198215061,7.212835645036815,False
263.0,SLEEP,30.0,120.0,1.5e-05,3.6,5.4000000000000005e-05,0.9999494875000121,4.199797950000049,4.1997976800000485,1.5e-05,6.299696520000073e-05,0.000424143697372061,7.212835630009316,False
264.0,SLEEP,30.0,120.0,1.5e-05,3.6,5.4000000000000005e-05,0.9999494854166788,4.1997979416667155,4.199797671666715,1.5e-05,6.299696507500073e-05,0.0004241611965290263,7.212835614981816,False
265.0,SLEEP,30.0,120.0,1.5e-05,3.6,5.4000000000000005e-05,0.9999494833333455,4.199797933333382,4.199797663333382,1.5e-05,6.299696495000074e-05,0.00042417869568595686,7.212835599954317,False
266.0,SLEEP,30.0,120.0,1.5e-05,3.6,5.4000000000000005e-05,0.9999494812500123,4.199797925000049,4.199797655000049,1.5e-05,6.299696482500074e-05,0.0004241961948428527,7.212835584926816,False
267.0,SLEEP,30.0,120.0,1.5e-05,3.6,5.4000000000000005e-05,0.999949479166679,4.199797916666716,4.199797646666716,1.5e-05,6.299696470000074e-05,0.0004242136939997138,7.212835569899317,False
268.0,SLEEP,30.0,120.0,1.5e-05,3.6,5.4000000000000005e-05,0.9999494770833457,4.199797908333383,4.199797638333383,1.5e-05,6.299696457500074e-05,0.0004242311931565402,7.212835554871818,False
269.0,SLEEP,30.0,120.0,1.5e-05,3.6,5.4000000000000005e-05,0.9999494750000124,4.19979790000005,4.19979763000005,1.5e-05,6.299696445000074e-05,0.0004242486923133319,7.212835539844318,False
270.0,SAMPLING,30.0,120.0,0.008,3.6,0.028800000000000003,0.9999483638889013,4.199793455555605,4.199649455555606,0.008,0.03359719564444485,0.00043358124665901103,7.212827525177666,False
271.0,SAMPLING,30.0,120.0,0.008,3.6,0.028800000000000003,0.9999472527777902,4.199789011111161,4.199645011111161,0.008,0.03359716008888929,0.00044291379112814695,7.2128195105110136,False
272.0,SLEEP,30.0,120.0,1.5e-05,3.6,5.4000000000000005e-05,0.9999472506944569,4.199789002777828,4.199788732777828,1.5e-05,6.299683099166741e-05,0.00044293129024786684,7.212819495483514,False
273.0,SLEEP,30.0,120.0,1.5e-05,3.6,5.4000000000000005e-05,0.9999472486111236,4.199788994444495,4.1997887244444945,1.5e-05,6.299683086666742e-05,0.00044294878936755204,7.212819480456015,False
274.0,SLEEP,30.0,120.0,1.5e-05,3.6,5.4000000000000005e-05,0.9999472465277903,4.1997889861111615,4.199788716111161,1.5e-05,6.299683074166742e-05,0.0004429662884872025,7.212819465428515,False
275.0,SLEEP,30.0,120.0,1.5e-05,3.6,5.4000000000000005e-05,0.999947244444457,4.199788977777828,4.199788707777828,1.5e-05,6.299683061666742e-05,0.00044298378760681824,7.212819450401016,False
276.0,SLEEP,30.0,120.0,1.5e-05,3.6,5.4000000000000005e-05,0.9999472423611238,4.199788969444495,4.199788699444495,1.5e-05,6.299683049166742e-05,0.00044300128672639924,7.2128194353735156,False
277.0,SLEEP,30.0,120.0,1.5e-05,3.6,5.4000000000000005e-05,0.9999472402777905,4.199788961111162,4.199788691111162,1.5e-05,6.299683036666743e-05,0.00044301878584594555,7.212819420346016,False
278.0,SLEEP,30.0,120.0,1.5e-05,3.6,5.4000000000000005e-05,0.9999472381944572,4.199788952777829,4.199788682777829,1.5e-05,6.299683024166744e-05,0.0004430362849654571,7.212819405318516,False
279.0,SLEEP,30.0,120.0,1.5e-05,3.6,5.4000000000000005e-05,0.9999472361111239,4.199788944444496,4.199788674444496,1.5e-05,6.299683011666744e-05,0.00044305378408493397,7.212819390291017,False
280.0,SLEEP,30.0,120.0,1.5e-05,3.6,5.4000000000000005e-05,0.9999472340277906,4.199788936111163,4.1997886661111625,1.5e-05,6.299682999166744e-05,0.0004430712832043761,7.212819375263518,False
281.0,SLEEP,30.0,120.0,1.5e-05,3.6,5.4000000000000005e-05,0.9999472319444573,4.1997889277778295,4.199788657777829,1.5e-05,6.299682986666744e-05,0.0004430887823237835,7.2128193602360176,False
282.0,SLEEP,30.0,120.0,1.5e-05,3.6,5.4000000000000005e-05,0.999947229861124,4.199788919444496,4.199788649444496,1.5e-05,6.299682974166744e-05,0.0004431062814431562,7.212819345208518,False
283.0,SLEEP,30.0,120.0,1.5e-05,3.6,5.4000000000000005e-05,0.9999472277777908,4.199788911111163,4.199788641111163,1.5e-05,6.299682961666744e-05,0.00044312378056249416,7.212819330181018,False
284.0,SLEEP,30.0,120.0,1.5e-05,3.6,5.4000000000000005e-05,0.9999472256944575,4.19978890277783,4.19978863277783,1.5e-05,6.299682949166746e-05,0.0004431412796817974,7.212819315153519,False
285.0,SLEEP,30.0,120.0,1.5e-05,3.6,5.4000000000000005e-05,0.9999472236111242,4.199788894444497,4.199788624444497,1.5e-05,6.299682936666746e-05,0.00044315877880106593,7.21281930012602,False
286.0,SLEEP,30.0,120.0,1.5e-05,3.6,5.4000000000000005e-05,0.9999472215277909,4.199788886111164,4.199788616111164,1.5e-05,6.299682924166746e-05,0.0004431762779202997,7.2128192850985196,False
287.0,SLEEP,30.0,120.0,1.5e-05,3.6,5.4000000000000005e-05,0.9999472194444576,4.199788877777831,4.199788607777831,1.5e-05,6.299682911666746e-05,0.0004431937770394988,7.21281927007102,False
288.0,SLEEP,30.0,120.0,1.5e-05,3.6,5.4000000000000005e-05,0.9999472173611244,4.199788869444498,4.1997885994444975,1.5e-05,6.299682899166746e-05,0.00044321127615866315,7.21281925504352,False
289.0,SLEEP,30.0,120.0,1.5e-05,3.6,5.4000000000000005e-05,0.9999472152777911,4.1997888611111645,4.199788591111164,1.5e-05,6.299682886666747e-05,0.0004432287752777928,7.212819240016021,False
290.0,SLEEP,30.0,120.0,1.5e-05,3.6,5.4000000000000005e-05,0.9999472131944578,4.199788852777831,4.199788582777831,1.5e-05,6.299682874166747e-05,0.0004432462743968877,7.212819224988521,False
291.0,SLEEP,30.0,120.0,1.5e-05,3.6,5.4000000000000005e-05,0.9999472111111245,4.199788844444498,4.199788574444498,1.5e-05,6.299682861666747e-05,0.0004432637735159479,7.2128192099610215,False
292.0,SLEEP,30.0,120.0,1.5e-05,3.6,5.4000000000000005e-05,0.9999472090277912,4.199788836111165,4.199788566111165,1.5e-05,6.299682849166747e-05,0.00044328127263497337,7.212819194933522,False
293.0,SLEEP,30.0,120.0,1.5e-05,3.6,5.4000000000000005e-05,0.9999472069444579,4.199788827777832,4.199788557777832,1.5e-05,6.299682836666747e-05,0.00044329877175396413,7.212819179906022,False
294.0,SLEEP,30.0,120.0,1.5e-05,3.6,5.4000000000000005e-05,0.9999472048611246,4.199788819444499,4.199788549444499,1.5e-05,6.299682824166747e-05,0.00044331627087292015,7.212819164878523,False
295.0,SLEEP,30.0,120.0,1.5e-05,3.6,5.4000000000000005e-05,0.9999472027777914,4.199788811111166,4.1997885411111655,1.5e-05,6.299682811666749e-05,0.00044333376999184147,7.212819149851023,False
296.0,SLEEP,30.0,120.0,1.5e-05,3.6,5.4000000000000005e-05,0.9999472006944581,4.1997888027778325,4.199788532777832,1.5e-05,6.299682799166749e-05,0.00044335126911072804,7.2128191348235235,False
297.0,SLEEP,30.0,120.0,1.5e-05,3.6,5.4000000000000005e-05,0.9999471986111248,4.199788794444499,4.199788524444499,1.5e-05,6.299682786666749e-05,0.0004433687682295799,7.212819119796024,False
298.0,SLEEP,30.0,120.0,1.5e-05,3.6,5.4000000000000005e-05,0.9999471965277915,4.199788786111166,4.199788516111166,1.5e-05,6.299682774166749e-05,0.00044338626734839704,7.212819104768524,False
299.0,SLEEP,30.0,120.0,1.5e-05,3.6,5.4000000000000005e-05,0.9999471944444582,4.199788777777833,4.199788507777833,1.5e-05,6.299682761666749e-05,0.0004434037664671795,7.212819089741025,False
300.0,SAMPLING,30.0,120.0,0.008,3.6,0.028800000000000003,0.9999460833333471,4.199784333333389,4.199640333333389,0.008,0.03359712266666711,0.0004527363005412537,7.212811075074373,False
301.0,SAMPLING,30.0,120.0,0.008,3.6,0.028800000000000003,0.999944972222236,4.199779888888944,4.1996358888889445,0.008,0.033597087111111555,0.0004620688247387847,7.212803060407721,False
302.0,SLEEP,30.0,120.0,1.5e-05,3.6,5.4000000000000005e-05,0.9999449701389027,4.199779880555611,4.199779610555611,1.5e-05,6.299669415833417e-05,0.00046208632382049533,7.212803045380221,False
303.0,SLEEP,30.0,120.0,1.5e-05,3.6,5.4000000000000005e-05,0.9999449680555694,4.199779872222278,4.199779602222278,1.5e-05,6.299669403333417e-05,0.00046210382290217127,7.212803030352721,False
304.0,SLEEP,30.0,120.0,1.5e-05,3.6,5.4000000000000005e-05,0.9999449659722361,4.199779863888945,4.199779593888945,1.5e-05,6.299669390833417e-05,0.00046212132198381246,7.212803015325222,False
305.0,SLEEP,30.0,120.0,1.5e-05,3.6,5.4000000000000005e-05,0.9999449638889029,4.199779855555612,4.1997795855556115,1.5e-05,6.299669378333417e-05,0.00046213882106541895,7.212803000297722,False
306.0,SLEEP,30.0,120.0,1.5e-05,3.6,5.4000000000000005e-05,0.9999449618055696,4.1997798472222785,4.199779577222278,1.5e-05,6.299669365833417e-05,0.0004621563201469907,7.212802985270223,False
307.0,SLEEP,30.0,120.0,1.5e-05,3.6,5.4000000000000005e-05,0.9999449597222363,4.199779838888945,4.199779568888945,1.5e-05,6.299669353333417e-05,0.00046217381922852776,7.2128029702427225,False
308.0,SLEEP,30.0,120.0,1.5e-05,3.6,5.4000000000000005e-05,0.999944957638903,4.199779830555612,4.199779560555612,1.5e-05,6.299669340833419e-05,0.00046219131831003006,7.212802955215223,False
309.0,SLEEP,30.0,120.0,1.5e-05,3.6,5.4000000000000005e-05,0.9999449555555697,4.199779822222279,4.199779552222279,1.5e-05,6.299669328333419e-05,0.00046220881739149767,7.212802940187724,False
310.0,SLEEP,30.0,120.0,1.5e-05,3.6,5.4000000000000005e-05,0.9999449534722364,4.199779813888946,4.199779543888946,1.5e-05,6.299669315833419e-05,0.00046222631647293053,7.212802925160224,False
311.0,SLEEP,30.0,120.0,1.5e-05,3.6,5.4000000000000005e-05,0.9999449513889032,4.199779805555613,4.199779535555613,1.5e-05,6.299669303333419e-05,0.0004622438155543287,7.212802910132725,False
312.0,SLEEP,30.0,120.0,1.5e-05,3.6,5.4000000000000005e-05,0.9999449493055699,4.19977979722228,4.1997795272222795,1.5e-05,6.299669290833419e-05,0.0004622613146356921,7.2128028951052245,False
313.0,SLEEP,30.0,120.0,1.5e-05,3.6,5.4000000000000005e-05,0.9999449472222366,4.1997797888889465,4.199779518888946,1.5e-05,6.29966927833342e-05,0.00046227881371702084,7.212802880077725,False
314.0,SLEEP,30.0,120.0,1.5e-05,3.6,5.4000000000000005e-05,0.9999449451389033,4.199779780555613,4.199779510555613,1.5e-05,6.29966926583342e-05,0.0004622963127983148,7.212802865050226,False
315.0,SLEEP,30.0,120.0,1.5e-05,3.6,5.4000000000000005e-05,0.99994494305557,4.19977977222228,4.19977950222228,1.5e-05,6.29966925333342e-05,0.0004623138118795741,7.212802850022726,False
316.0,SLEEP,30.0,120.0,1.5e-05,3.6,5.4000000000000005e-05,0.9999449409722367,4.199779763888947,4.199779493888947,1.5e-05,6.29966924083342e-05,0.00046233131096079863,7.212802834995227,False
317.0,SLEEP,30.0,120.0,1.5e-05,3.6,5.4000000000000005e-05,0.9999449388889035,4.199779755555614,4.199779485555614,1.5e-05,6.29966922833342e-05,0.00046234881004198847,7.2128028199677265,False
318.0,SLEEP,30.0,120.0,1.5e-05,3.6,5.4000000000000005e-05,0.9999449368055702,4.199779747222281,4.199779477222281,1.5e-05,6.29966921583342e-05,0.00046236630912314356,7.212802804940227,False
319.0,SLEEP,30.0,120.0,1.5e-05,3.6,5.4000000000000005e-05,0.9999449347222369,4.199779738888948,4.199779468888948,1.5e-05,6.299669203333422e-05,0.00046238380820426395,7.212802789912727,False
320.0,SLEEP,30.0,120.0,1.5e-05,3.6,5.4000000000000005e-05,0.9999449326389036,4.199779730555615,4.1997794605556145,1.5e-05,6.299669190833422e-05,0.0004624013072853496,7.212802774885228,False
321.0,SLEEP,30.0,120.0,1.5e-05,3.6,5.4000000000000005e-05,0.9999449305555703,4.1997797222222815,4.199779452222281,1.5e-05,6.299669178333422e-05,0.00046241880636640055,7.212802759857729,False
322.0,SLEEP,30.0,120.0,1.5e-05,3.6,5.4000000000000005e-05,0.999944928472237,4.199779713888948,4.199779443888948,1.5e-05,6.299669165833422e-05,0.00046243630544741675,7.2128027448302285,False
323.0,SLEEP,30.0,120.0,1.5e-05,3.6,5.4000000000000005e-05,0.9999449263889038,4.199779705555615,4.199779435555615,1.5e-05,6.299669153333422e-05,0.00046245380452839826,7.212802729802729,False
324.0,SLEEP,30.0,120.0,1.5e-05,3.6,5.4000000000000005e-05,0.9999449243055705,4.199779697222282,4.199779427222282,1.5e-05,6.299669140833424e-05,0.000462471303609345,7.212802714775229,False
325.0,SLEEP,30.0,120.0,1.5e-05,3.6,5.4000000000000005e-05,0.9999449222222372,4.199779688888949,4.199779418888949,1.5e-05,6.299669128333424e-05,0.00046248880269025703,7.21280269974773,False
326.0,SLEEP,30.0,120.0,1.5e-05,3.6,5.4000000000000005e-05,0.9999449201389039,4.199779680555616,4.199779410555616,1.5e-05,6.299669115833424e-05,0.00046250630177113435,7.212802684720231,False
327.0,SLEEP,30.0,120.0,1.5e-05,3.6,5.4000000000000005e-05,0.9999449180555706,4.199779672222283,4.1997794022222825,1.5e-05,6.299669103333424e-05,0.0004625238008519769,7.2128026696927305,False
328.0,SLEEP,30.0,120.0,1.5e-05,3.6,5.4000000000000005e-05,0.9999449159722373,4.1997796638889495,4.199779393888949,1.5e-05,6.299669090833424e-05,0.0004625412999327848,7.212802654665231,False
329.0,SLEEP,30.0,120.0,1.5e-05,3.6,5.4000000000000005e-05,0.999944913888904,4.199779655555616,4.199779385555616,1.5e-05,6.299669078333424e-05,0.0004625587990135579,7.212802639637731,False
330.0,SAMPLING,30.0,120.0,0.008,3.6,0.028800000000000003,0.9999438027777929,4.199775211111172,4.199631211111172,0.008,0.03359704968888938,0.0004718913128160272,7.212794624971079,False
331.0,SAMPLING,30.0,120.0,0.008,3.6,0.028800000000000003,0.9999426916666818,4.199770766666727,4.199626766666728,0.008,0.033597014133333825,0.0004812238167419533,7.212786610304428,False
332.0,SLEEP,30.0,120.0,1.5e-05,3.6,5.4000000000000005e-05,0.9999426895833485,4.199770758333394,4.199770488333394,1.5e-05,6.299655732500092e-05,0.00048124131578565466,7.212786595276928,False
333.0,SLEEP,30.0,120.0,1.5e-05,3.6,5.4000000000000005e-05,0.9999426875000152,4.199770750000061,4.199770480000061,1.5e-05,6.299655720000092e-05,0.00048125881482932135,7.212786580249428,False
334.0,SLEEP,30.0,120.0,1.5e-05,3.6,5.4000000000000005e-05,0.999942685416682,4.199770741666728,4.199770471666728,1.5e-05,6.299655707500092e-05,0.0004812763138729533,7.212786565221928,False
335.0,SLEEP,30.0,120.0,1.5e-05,3.6,5.4000000000000005e-05,0.9999426833333487,4.199770733333395,4.199770463333395,1.5e-05,6.299655695000092e-05,0.0004812938129165505,7.212786550194429,False
336.0,SLEEP,30.0,120.0,1.5e-05,3.6,5.4000000000000005e-05,0.9999426812500154,4.199770725000062,4.199770455000062,1.5e-05,6.299655682500092e-05,0.000481311311960113,7.212786535166929,False
337.0,SLEEP,30.0,120.0,1.5e-05,3.6,5.4000000000000005e-05,0.9999426791666821,4.199770716666729,4.1997704466667285,1.5e-05,6.299655670000094e-05,0.0004813288110036408,7.21278652013943,False
338.0,SLEEP,30.0,120.0,1.5e-05,3.6,5.4000000000000005e-05,0.9999426770833488,4.1997707083333955,4.199770438333395,1.5e-05,6.299655657500094e-05,0.00048134631004713386,7.21278650511193,False
339.0,SLEEP,30.0,120.0,1.5e-05,3.6,5.4000000000000005e-05,0.9999426750000155,4.199770700000062,4.199770430000062,1.5e-05,6.299655645000094e-05,0.0004813638090905922,7.21278649008443,False
340.0,SLEEP,30.0,120.0,1.5e-05,3.6,5.4000000000000005e-05,0.9999426729166823,4.199770691666729,4.199770421666729,1.5e-05,6.299655632500094e-05,0.0004813813081340158,7.212786475056931,False
341.0,SLEEP,30.0,120.0,1.5e-05,3.6,5.4000000000000005e-05,0.999942670833349,4.199770683333396,4.199770413333396,1.5e-05,6.299655620000094e-05,0.00048139880717740474,7.212786460029431,False
342.0,SLEEP,30.0,120.0,1.5e-05,3.6,5.4000000000000005e-05,0.9999426687500157,4.199770675000063,4.199770405000063,1.5e-05,6.299655607500094e-05,0.0004814163062207589,7.212786445001932,False
343.0,SLEEP,30.0,120.0,1.5e-05,3.6,5.4000000000000005e-05,0.9999426666666824,4.19977066666673,4.19977039666673,1.5e-05,6.299655595000095e-05,0.00048143380526407837,7.212786429974432,False
344.0,SLEEP,30.0,120.0,1.5e-05,3.6,5.4000000000000005e-05,0.9999426645833491,4.199770658333397,4.1997703883333966,1.5e-05,6.299655582500095e-05,0.0004814513043073631,7.212786414946932,False
345.0,SLEEP,30.0,120.0,1.5e-05,3.6,5.4000000000000005e-05,0.9999426625000158,4.1997706500000636,4.199770380000063,1.5e-05,6.299655570000095e-05,0.0004814688033506131,7.212786399919433,False
346.0,SLEEP,30.0,120.0,1.5e-05,3.6,5.4000000000000005e-05,0.9999426604166826,4.19977064166673,4.19977037166673,1.5e-05,6.299655557500095e-05,0.0004814863023938284,7.212786384891933,False
347.0,SLEEP,30.0,120.0,1.5e-05,3.6,5.4000000000000005e-05,0.9999426583333493,4.199770633333397,4.199770363333397,1.5e-05,6.299655545000095e-05,0.000481503801437009,7.212786369864434,False
348.0,SLEEP,30.0,120.0,1.5e-05,3.6,5.4000000000000005e-05,0.999942656250016,4.199770625000064,4.199770355000064,1.5e-05,6.299655532500097e-05,0.0004815213004801548,7.2127863548369335,False
349.0,SLEEP,30.0,120.0,1.5e-05,3.6,5.4000000000000005e-05,0.9999426541666827,4.199770616666731,4.199770346666731,1.5e-05,6.299655520000097e-05,0.0004815387995232659,7.212786339809434,False
350.0,SLEEP,30.0,120.0,1.5e-05,3.6,5.4000000000000005e-05,0.9999426520833494,4.199770608333398,4.199770338333398,1.5e-05,6.299655507500097e-05,0.0004815562985663423,7.212786324781935,False
351.0,SLEEP,30.0,120.0,1.5e-05,3.6,5.4000000000000005e-05,0.9999426500000161,4.199770600000065,4.199770330000065,1.5e-05,6.299655495000097e-05,0.00048157379760938393,7.212786309754435,False
352.0,SLEEP,30.0,120.0,1.5e-05,3.6,5.4000000000000005e-05,0.9999426479166829,4.199770591666732,4.1997703216667315,1.5e-05,6.299655482500097e-05,0.0004815912966523909,7.212786294726936,False
353.0,SLEEP,30.0,120.0,1.5e-05,3.6,5.4000000000000005e-05,0.9999426458333496,4.1997705833333985,4.199770313333398,1.5e-05,6.299655470000097e-05,0.0004816087956953631,7.2127862796994355,False
354.0,SLEEP,30.0,120.0,1.5e-05,3.6,5.4000000000000005e-05,0.9999426437500163,4.199770575000065,4.199770305000065,1.5e-05,6.299655457500098e-05,0.0004816262947383006,7.212786264671936,False
355.0,SLEEP,30.0,120.0,1.5e-05,3.6,5.4000000000000005e-05,0.999942641666683,4.199770566666732,4.199770296666732,1.5e-05,6.299655445000098e-05,0.00048164379378120333,7.212786249644437,False
356.0,SLEEP,30.0,120.0,1.5e-05,3.6,5.4000000000000005e-05,0.9999426395833497,4.199770558333399,4.199770288333399,1.5e-05,6.299655432500099e-05,0.0004816612928240714,7.212786234616937,False
357.0,SLEEP,30.0,120.0,1.5e-05,3.6,5.4000000000000005e-05,0.9999426375000164,4.199770550000066,4.199770280000066,1.5e-05,6.299655420000099e-05,0.0004816787918669047,7.212786219589438,False
358.0,SLEEP,30.0,120.0,1.5e-05,3.6,5.4000000000000005e-05,0.9999426354166832,4.199770541666733,4.199770271666733,1.5e-05,6.299655407500099e-05,0.0004816962909097033,7.2127862045619375,False
359.0,SLEEP,30.0,120.0,1.5e-05,3.6,5.4000000000000005e-05,0.9999426333333499,4.1997705333334,4.1997702633333995,1.5e-05,6.2996553950001e-05,0.0004817137899524672,7.212786189534438,False
360.0,LORA_TX,30.0,120.0,0.12,3.6,0.432,0.9999259666666832,4.199703866666733,4.197543866666733,0.12,0.5037052640000079,0.0006216319188413583,7.212665969534658,False
361.0,SAMPLING,30.0,120.0,0.008,3.6,0.028800000000000003,0.9999248555555721,4.199699422222288,4.199555422222288,0.008,0.033596443377778305,0.0006309642642240745,7.212657954868007,False
362.0,SLEEP,30.0,120.0,1.5e-05,3.6,5.4000000000000005e-05,0.9999248534722388,4.199699413888956,4.199699143888956,1.5e-05,6.299548715833433e-05,0.0006309817629705074,7.212657939840507,False
363.0,SLEEP,30.0,120.0,1.5e-05,3.6,5.4000000000000005e-05,0.9999248513889055,4.199699405555622,4.199699135555622,1.5e-05,6.299548703333433e-05,0.0006309992617169056,7.212657924813008,False
364.0,SLEEP,30.0,120.0,1.5e-05,3.6,5.4000000000000005e-05,0.9999248493055722,4.19969939722229,4.199699127222289,1.5e-05,6.299548690833435e-05,0.0006310167604632689,7.2126579097855075,False
365.0,SLEEP,30.0,120.0,1.5e-05,3.6,5.4000000000000005e-05,0.999924847222239,4.1996993888889556,4.199699118888955,1.5e-05,6.299548678333433e-05,0.0006310342592095976,7.212657894758008,False
366.0,SLEEP,30.0,120.0,1.5e-05,3.6,5.4000000000000005e-05,0.9999248451389057,4.199699380555623,4.199699110555623,1.5e-05,6.299548665833435e-05,0.0006310517579558916,7.212657879730508,False
367.0,SLEEP,30.0,120.0,1.5e-05,3.6,5.4000000000000005e-05,0.9999248430555724,4.199699372222289,4.199699102222289,1.5e-05,6.299548653333433e-05,0.0006310692567021509,7.212657864703009,False
368.0,SLEEP,30.0,120.0,1.5e-05,3.6,5.4000000000000005e-05,0.9999248409722391,4.199699363888957,4.199699093888957,1.5e-05,6.299548640833435e-05,0.0006310867554483754,7.21265784967551,False
369.0,SLEEP,30.0,120.0,1.5e-05,3.6,5.4000000000000005e-05,0.9999248388889058,4.199699355555623,4.199699085555623,1.5e-05,6.299548628333435e-05,0.0006311042541945652,7.2126578346480095,False
370.0,SLEEP,30.0,120.0,1.5e-05,3.6,5.4000000000000005e-05,0.9999248368055725,4.199699347222291,4.199699077222291,1.5e-05,6.299548615833436e-05,0.0006311217529407203,7.21265781962051,False
371.0,SLEEP,30.0,120.0,1.5e-05,3.6,5.4000000000000005e-05,0.9999248347222393,4.199699338888957,4.199699068888957,1.5e-05,6.299548603333435e-05,0.0006311392516868407,7.21265780459301,False
372.0,SLEEP,30.0,120.0,1.5e-05,3.6,5.4000000000000005e-05,0.999924832638906,4.1996993305556245,4.199699060555624,1.5e-05,6.299548590833436e-05,0.0006311567504329263,7.212657789565511,False
373.0,SLEEP,30.0,120.0,1.5e-05,3.6,5.4000000000000005e-05,0.9999248305555727,4.1996993222222905,4.19969905222229,1.5e-05,6.299548578333435e-05,0.0006311742491789772,7.212657774538012,False
374.0,SLEEP,30.0,120.0,1.5e-05,3.6,5.4000000000000005e-05,0.9999248284722394,4.199699313888958,4.199699043888958,1.5e-05,6.299548565833438e-05,0.0006311917479249934,7.2126577595105115,False
375.0,SLEEP,30.0,120.0,1.5e-05,3.6,5.4000000000000005e-05,0.9999248263889061,4.199699305555624,4.199699035555624,1.5e-05,6.299548553333437e-05,0.000631209246670975,7.212657744483012,False
376.0,SLEEP,30.0,120.0,1.5e-05,3.6,5.4000000000000005e-05,0.9999248243055728,4.199699297222292,4.199699027222292,1.5e-05,6.299548540833438e-05,0.0006312267454169217,7.212657729455512,False
377.0,SLEEP,30.0,120.0,1.5e-05,3.6,5.4000000000000005e-05,0.9999248222222396,4.199699288888958,4.199699018888958,1.5e-05,6.299548528333437e-05,0.0006312442441628337,7.212657714428013,False
378.0,SLEEP,30.0,120.0,1.5e-05,3.6,5.4000000000000005e-05,0.9999248201389063,4.199699280555626,4.1996990105556256,1.5e-05,6.299548515833438e-05,0.000631261742908711,7.212657699400514,False
379.0,SLEEP,30.0,120.0,1.5e-05,3.6,5.4000000000000005e-05,0.999924818055573,4.199699272222292,4.1996990022222915,1.5e-05,6.299548503333438e-05,0.0006312792416545537,7.2126576843730135,False
380.0,SLEEP,30.0,120.0,1.5e-05,3.6,5.4000000000000005e-05,0.9999248159722397,4.199699263888959,4.199698993888959,1.5e-05,6.29954849083344e-05,0.0006312967404003615,7.212657669345514,False
381.0,SLEEP,30.0,120.0,1.5e-05,3.6,5.4000000000000005e-05,0.9999248138889064,4.199699255555625,4.199698985555625,1.5e-05,6.299548478333438e-05,0.0006313142391461347,7.212657654318014,False
382.0,SLEEP,30.0,120.0,1.5e-05,3.6,5.4000000000000005e-05,0.9999248118055731,4.199699247222293,4.199698977222293,1.5e-05,6.29954846583344e-05,0.0006313317378918731,7.212657639290515,False
383.0,SLEEP,30.0,120.0,1.5e-05,3.6,5.4000000000000005e-05,0.9999248097222398,4.199699238888959,4.199698968888959,1.5e-05,6.299548453333438e-05,0.0006313492366375768,7.212657624263015,False
384.0,SLEEP,30.0,120.0,1.5e-05,3.6,5.4000000000000005e-05,0.9999248076389066,4.199699230555627,4.199698960555627,1.5e-05,6.29954844083344e-05,0.0006313667353832458,7.2126576092355155,False
385.0,SLEEP,30.0,120.0,1.5e-05,3.6,5.4000000000000005e-05,0.9999248055555733,4.199699222222293,4.199698952222293,1.5e-05,6.29954842833344e-05,0.00063138423412888,7.212657594208016,False
386.0,SLEEP,30.0,120.0,1.5e-05,3.6,5.4000000000000005e-05,0.99992480347224,4.199699213888961,4.1996989438889605,1.5e-05,6.299548415833441e-05,0.0006314017328744796,7.212657579180516,False
387.0,SLEEP,30.0,120.0,1.5e-05,3.6,5.4000000000000005e-05,0.9999248013889067,4.199699205555627,4.1996989355556265,1.5e-05,6.29954840333344e-05,0.0006314192316200445,7.212657564153017,False
388.0,SLEEP,30.0,120.0,1.5e-05,3.6,5.4000000000000005e-05,0.9999247993055734,4.199699197222294,4.199698927222294,1.5e-05,6.299548390833441e-05,0.0006314367303655745,7.212657549125517,False
389.0,SLEEP,30.0,120.0,1.5e-05,3.6,5.4000000000000005e-05,0.9999247972222401,4.19969918888896,4.19969891888896,1.5e-05,6.29954837833344e-05,0.0006314542291110699,7.2126575340980175,False
390.0,SAMPLING,30.0,120.0,0.008,3.6,0.028800000000000003,0.999923686111129,4.199694744444516,4.199550744444516,0.008,0.03359640595555613,0.0006407865640987244,7.212649519431365,False
391.0,SAMPLING,30.0,120.0,0.008,3.6,0.028800000000000003,0.9999225750000179,4.199690300000071,4.199546300000072,0.008,0.033596370400000575,0.0006501188892098356,7.212641504764713,False
392.0,SLEEP,30.0,120.0,1.5e-05,3.6,5.4000000000000005e-05,0.9999225729166846,4.199690291666739,4.199690021666739,1.5e-05,6.299535032500108e-05,0.0006501363879182592,7.212641489737214,False
393.0,SLEEP,30.0,120.0,1.5e-05,3.6,5.4000000000000005e-05,0.9999225708333513,4.199690283333405,4.199690013333405,1.5e-05,6.299535020000108e-05,0.0006501538866266481,7.212641474709714,False
394.0,SLEEP,30.0,120.0,1.5e-05,3.6,5.4000000000000005e-05,0.9999225687500181,4.199690275000073,4.199690005000073,1.5e-05,6.29953500750011e-05,0.0006501713853350022,7.212641459682215,False
395.0,SLEEP,30.0,120.0,1.5e-05,3.6,5.4000000000000005e-05,0.9999225666666848,4.199690266666739,4.199689996666739,1.5e-05,6.299534995000108e-05,0.0006501888840433217,7.2126414446547145,False
396.0,SLEEP,30.0,120.0,1.5e-05,3.6,5.4000000000000005e-05,0.9999225645833515,4.199690258333407,4.1996899883334065,1.5e-05,6.29953498250011e-05,0.0006502063827516064,7.212641429627215,False
397.0,SLEEP,30.0,120.0,1.5e-05,3.6,5.4000000000000005e-05,0.9999225625000182,4.199690250000073,4.199689980000072,1.5e-05,6.299534970000108e-05,0.0006502238814598564,7.212641414599716,False
398.0,SLEEP,30.0,120.0,1.5e-05,3.6,5.4000000000000005e-05,0.9999225604166849,4.19969024166674,4.19968997166674,1.5e-05,6.299534957500111e-05,0.0006502413801680717,7.212641399572216,False
399.0,SLEEP,30.0,120.0,1.5e-05,3.6,5.4000000000000005e-05,0.9999225583333516,4.199690233333406,4.199689963333406,1.5e-05,6.29953494500011e-05,0.0006502588788762523,7.212641384544717,False
400.0,SLEEP,30.0,120.0,1.5e-05,3.6,5.4000000000000005e-05,0.9999225562500184,4.199690225000074,4.199689955000074,1.5e-05,6.299534932500111e-05,0.0006502763775843981,7.2126413695172165,False
401.0,SLEEP,30.0,120.0,1.5e-05,3.6,5.4000000000000005e-05,0.9999225541666851,4.19969021666674,4.19968994666674,1.5e-05,6.29953492000011e-05,0.0006502938762925092,7.212641354489717,False
402.0,SLEEP,30.0,120.0,1.5e-05,3.6,5.4000000000000005e-05,0.9999225520833518,4.199690208333408,4.199689938333408,1.5e-05,6.299534907500111e-05,0.0006503113750005856,7.212641339462218,False
403.0,SLEEP,30.0,120.0,1.5e-05,3.6,5.4000000000000005e-05,0.9999225500000185,4.199690200000074,4.199689930000074,1.5e-05,6.299534895000111e-05,0.0006503288737086273,7.212641324434718,False
404.0,SLEEP,30.0,120.0,1.5e-05,3.6,5.4000000000000005e-05,0.9999225479166852,4.1996901916667415,4.199689921666741,1.5e-05,6.299534882500113e-05,0.0006503463724166342,7.212641309407219,False
405.0,SLEEP,30.0,120.0,1.5e-05,3.6,5.4000000000000005e-05,0.9999225458333519,4.1996901833334075,4.199689913333407,1.5e-05,6.299534870000111e-05,0.0006503638711246064,7.2126412943797185,False
406.0,SLEEP,30.0,120.0,1.5e-05,3.6,5.4000000000000005e-05,0.9999225437500187,4.199690175000075,4.199689905000075,1.5e-05,6.299534857500113e-05,0.0006503813698325439,7.212641279352219,False
407.0,SLEEP,30.0,120.0,1.5e-05,3.6,5.4000000000000005e-05,0.9999225416666854,4.199690166666741,4.199689896666741,1.5e-05,6.299534845000111e-05,0.0006503988685404468,7.21264126432472,False
408.0,SLEEP,30.0,120.0,1.5e-05,3.6,5.4000000000000005e-05,0.9999225395833521,4.199690158333409,4.199689888333409,1.5e-05,6.299534832500113e-05,0.0006504163672483148,7.21264124929722,False
409.0,SLEEP,30.0,120.0,1.5e-05,3.6,5.4000000000000005e-05,0.9999225375000188,4.199690150000075,4.199689880000075,1.5e-05,6.299534820000113e-05,0.0006504338659561481,7.212641234269721,False
410.0,SLEEP,30.0,120.0,1.5e-05,3.6,5.4000000000000005e-05,0.9999225354166855,4.199690141666743,4.199689871666743,1.5e-05,6.299534807500114e-05,0.0006504513646639467,7.2126412192422205,False
411.0,SLEEP,30.0,120.0,1.5e-05,3.6,5.4000000000000005e-05,0.9999225333333522,4.199690133333409,4.1996898633334085,1.5e-05,6.299534795000113e-05,0.0006504688633717107,7.212641204214721,False
412.0,SLEEP,30.0,120.0,1.5e-05,3.6,5.4000000000000005e-05,0.999922531250019,4.199690125000076,4.199689855000076,1.5e-05,6.299534782500114e-05,0.0006504863620794398,7.212641189187221,False
413.0,SLEEP,30.0,120.0,1.5e-05,3.6,5.4000000000000005e-05,0.9999225291666857,4.199690116666742,4.199689846666742,1.5e-05,6.299534770000113e-05,0.0006505038607871343,7.212641174159722,False
414.0,SLEEP,30.0,120.0,1.5e-05,3.6,5.4000000000000005e-05,0.9999225270833524,4.19969010833341,4.19968983833341,1.5e-05,6.299534757500116e-05,0.000650521359494794,7.212641159132223,False
415.0,SLEEP,30.0,120.0,1.5e-05,3.6,5.4000000000000005e-05,0.9999225250000191,4.199690100000076,4.199689830000076,1.5e-05,6.299534745000115e-05,0.000650538858202419,7.2126411441047225,False
416.0,SLEEP,30.0,120.0,1.5e-05,3.6,5.4000000000000005e-05,0.9999225229166858,4.199690091666744,4.199689821666744,1.5e-05,6.299534732500116e-05,0.0006505563569100093,7.212641129077223,False
417.0,SLEEP,30.0,120.0,1.5e-05,3.6,5.4000000000000005e-05,0.9999225208333525,4.19969008333341,4.19968981333341,1.5e-05,6.299534720000115e-05,0.0006505738556175649,7.212641114049723,False
418.0,SLEEP,30.0,120.0,1.5e-05,3.6,5.4000000000000005e-05,0.9999225187500193,4.199690075000078,4.1996898050000775,1.5e-05,6.299534707500116e-05,0.0006505913543250857,7.212641099022224,False
419.0,SLEEP,30.0,120.0,1.5e-05,3.6,5.4000000000000005e-05,0.999922516666686,4.199690066666744,4.1996897966667435,1.5e-05,6.299534695000115e-05,0.0006506088530325719,7.212641083994725,False
420.0,SAMPLING,30.0,120.0,0.008,3.6,0.028800000000000003,0.9999214055555748,4.199685622222299,4.199541622222299,0.008,0.0335963329777784,0.0006599411677486215,7.2126330693280725,False
421.0,SAMPLING,30.0,120.0,0.008,3.6,0.028800000000000003,0.9999202944444637,4.199681177777855,4.199537177777855,0.008,0.03359629742222284,0.0006692734725881278,7.21262505466142,False
422.0,SLEEP,30.0,120.0,1.5e-05,3.6,5.4000000000000005e-05,0.9999202923611304,4.199681169444522,4.199680899444522,1.5e-05,6.299521349166784e-05,0.0006692909712585421,7.21262503963392,False
423.0,SLEEP,30.0,120.0,1.5e-05,3.6,5.4000000000000005e-05,0.9999202902777972,4.199681161111188,4.199680891111188,1.5e-05,6.299521336666783e-05,0.0006693084699289218,7.212625024606421,False
424.0,SLEEP,30.0,120.0,1.5e-05,3.6,5.4000000000000005e-05,0.9999202881944639,4.199681152777856,4.199680882777856,1.5e-05,6.299521324166784e-05,0.0006693259685992667,7.212625009578921,False
425.0,SLEEP,30.0,120.0,1.5e-05,3.6,5.4000000000000005e-05,0.9999202861111306,4.199681144444522,4.199680874444522,1.5e-05,6.299521311666783e-05,0.0006693434672695769,7.212624994551422,False
426.0,SLEEP,30.0,120.0,1.5e-05,3.6,5.4000000000000005e-05,0.9999202840277973,4.19968113611119,4.19968086611119,1.5e-05,6.299521299166784e-05,0.0006693609659398523,7.212624979523922,False
427.0,SLEEP,30.0,120.0,1.5e-05,3.6,5.4000000000000005e-05,0.999920281944464,4.199681127777856,4.199680857777856,1.5e-05,6.299521286666783e-05,0.0006693784646100931,7.212624964496422,False
428.0,SLEEP,30.0,120.0,1.5e-05,3.6,5.4000000000000005e-05,0.9999202798611307,4.199681119444524,4.1996808494445235,1.5e-05,6.299521274166786e-05,0.0006693959632802991,7.212624949468923,False
429.0,SLEEP,30.0,120.0,1.5e-05,3.6,5.4000000000000005e-05,0.9999202777777975,4.19968111111119,4.1996808411111894,1.5e-05,6.299521261666785e-05,0.0006694134619504704,7.212624934441423,False
430.0,SLEEP,30.0,120.0,1.5e-05,3.6,5.4000000000000005e-05,0.9999202756944642,4.199681102777857,4.199680832777857,1.5e-05,6.299521249166786e-05,0.000669430960620607,7.212624919413924,False
431.0,SLEEP,30.0,120.0,1.5e-05,3.6,5.4000000000000005e-05,0.9999202736111309,4.199681094444523,4.199680824444523,1.5e-05,6.299521236666785e-05,0.0006694484592907089,7.212624904386424,False
432.0,SLEEP,30.0,120.0,1.5e-05,3.6,5.4000000000000005e-05,0.9999202715277976,4.199681086111191,4.199680816111191,1.5e-05,6.299521224166786e-05,0.000669465957960776,7.212624889358924,False
433.0,SLEEP,30.0,120.0,1.5e-05,3.6,5.4000000000000005e-05,0.9999202694444643,4.199681077777857,4.199680807777857,1.5e-05,6.299521211666786e-05,0.0006694834566308084,7.212624874331425,False
434.0,SLEEP,30.0,120.0,1.5e-05,3.6,5.4000000000000005e-05,0.999920267361131,4.199681069444525,4.199680799444525,1.5e-05,6.299521199166787e-05,0.0006695009553008061,7.212624859303925,False
435.0,SLEEP,30.0,120.0,1.5e-05,3.6,5.4000000000000005e-05,0.9999202652777978,4.199681061111191,4.199680791111191,1.5e-05,6.299521186666786e-05,0.0006695184539707691,7.212624844276426,False
436.0,SLEEP,30.0,120.0,1.5e-05,3.6,5.4000000000000005e-05,0.9999202631944645,4.1996810527778585,4.199680782777858,1.5e-05,6.299521174166788e-05,0.0006695359526406973,7.212624829248926,False
437.0,SLEEP,30.0,120.0,1.5e-05,3.6,5.4000000000000005e-05,0.9999202611111312,4.1996810444445245,4.199680774444524,1.5e-05,6.299521161666786e-05,0.0006695534513105908,7.212624814221426,False
438.0,SLEEP,30.0,120.0,1.5e-05,3.6,5.4000000000000005e-05,0.9999202590277979,4.199681036111192,4.199680766111192,1.5e-05,6.299521149166788e-05,0.0006695709499804496,7.212624799193927,False
439.0,SLEEP,30.0,120.0,1.5e-05,3.6,5.4000000000000005e-05,0.9999202569444646,4.199681027777858,4.199680757777858,1.5e-05,6.299521136666788e-05,0.0006695884486502738,7.212624784166427,False
440.0,SLEEP,30.0,120.0,1.5e-05,3.6,5.4000000000000005e-05,0.9999202548611313,4.199681019444526,4.199680749444526,1.5e-05,6.299521124166789e-05,0.0006696059473200631,7.212624769138928,False
441.0,SLEEP,30.0,120.0,1.5e-05,3.6,5.4000000000000005e-05,0.9999202527777981,4.199681011111192,4.199680741111192,1.5e-05,6.299521111666788e-05,0.0006696234459898177,7.2126247541114274,False
442.0,SLEEP,30.0,120.0,1.5e-05,3.6,5.4000000000000005e-05,0.9999202506944648,4.19968100277786,4.19968073277786,1.5e-05,6.299521099166789e-05,0.0006696409446595377,7.212624739083928,False
443.0,SLEEP,30.0,120.0,1.5e-05,3.6,5.4000000000000005e-05,0.9999202486111315,4.199680994444526,4.199680724444526,1.5e-05,6.299521086666788e-05,0.0006696584433292228,7.212624724056429,False
444.0,SLEEP,30.0,120.0,1.5e-05,3.6,5.4000000000000005e-05,0.9999202465277982,4.1996809861111934,4.199680716111193,1.5e-05,6.299521074166791e-05,0.0006696759419988732,7.212624709028929,False
445.0,SLEEP,30.0,120.0,1.5e-05,3.6,5.4000000000000005e-05,0.9999202444444649,4.199680977777859,4.199680707777859,1.5e-05,6.29952106166679e-05,0.000669693440668489,7.21262469400143,False
446.0,SLEEP,30.0,120.0,1.5e-05,3.6,5.4000000000000005e-05,0.9999202423611316,4.199680969444527,4.199680699444527,1.5e-05,6.299521049166791e-05,0.00066971093933807,7.2126246789739294,False
447.0,SLEEP,30.0,120.0,1.5e-05,3.6,5.4000000000000005e-05,0.9999202402777984,4.199680961111193,4.199680691111193,1.5e-05,6.29952103666679e-05,0.0006697284380076163,7.21262466394643,False
448.0,SLEEP,30.0,120.0,1.5e-05,3.6,5.4000000000000005e-05,0.9999202381944651,4.199680952777861,4.199680682777861,1.5e-05,6.299521024166791e-05,0.0006697459366771278,7.212624648918931,False
449.0,SLEEP,30.0,120.0,1.5e-05,3.6,5.4000000000000005e-05,0.9999202361111318,4.199680944444527,4.199680674444527,1.5e-05,6.299521011666791e-05,0.0006697634353466047,7.212624633891431,False
450.0,SAMPLING,30.0,120.0,0.008,3.6,0.028800000000000003,0.9999191250000207,4.199676500000082,4.199532500000083,0.008,0.03359626000000066,0.0006790957297910493,7.212616619224779,False
451.0,SAMPLING,30.0,120.0,0.008,3.6,0.028800000000000003,0.9999180138889096,4.199672055555638,4.199528055555638,0.008,0.03359622444444511,0.0006884280143589507,7.212608604558127,False
452.0,SLEEP,30.0,120.0,1.5e-05,3.6,5.4000000000000005e-05,0.9999180118055763,4.199672047222306,4.199671777222306,1.5e-05,6.299507665833459e-05,0.0006884455129913558,7.212608589530627,False
453.0,SLEEP,30.0,120.0,1.5e-05,3.6,5.4000000000000005e-05,0.999918009722243,4.199672038888972,4.1996717688889715,1.5e-05,6.299507653333458e-05,0.0006884630116237261,7.212608574503128,False
454.0,SLEEP,30.0,120.0,1.5e-05,3.6,5.4000000000000005e-05,0.9999180076389097,4.199672030555639,4.199671760555639,1.5e-05,6.299507640833459e-05,0.0006884805102560618,7.212608559475628,False
455.0,SLEEP,30.0,120.0,1.5e-05,3.6,5.4000000000000005e-05,0.9999180055555764,4.199672022222305,4.199671752222305,1.5e-05,6.299507628333458e-05,0.0006884980088883628,7.212608544448129,False
456.0,SLEEP,30.0,120.0,1.5e-05,3.6,5.4000000000000005e-05,0.9999180034722431,4.199672013888973,4.199671743888973,1.5e-05,6.299507615833459e-05,0.0006885155075206289,7.212608529420629,False
457.0,SLEEP,30.0,120.0,1.5e-05,3.6,5.4000000000000005e-05,0.9999180013889098,4.199672005555639,4.199671735555639,1.5e-05,6.299507603333459e-05,0.0006885330061528604,7.212608514393129,False
458.0,SLEEP,30.0,120.0,1.5e-05,3.6,5.4000000000000005e-05,0.9999179993055766,4.199671997222307,4.199671727222307,1.5e-05,6.29950759083346e-05,0.0006885505047850572,7.212608499365629,False
459.0,SLEEP,30.0,120.0,1.5e-05,3.6,5.4000000000000005e-05,0.9999179972222433,4.199671988888973,4.199671718888973,1.5e-05,6.29950757833346e-05,0.0006885680034172193,7.21260848433813,False
460.0,SLEEP,30.0,120.0,1.5e-05,3.6,5.4000000000000005e-05,0.99991799513891,4.199671980555641,4.1996717105556405,1.5e-05,6.299507565833461e-05,0.0006885855020493466,7.212608469310631,False
461.0,SLEEP,30.0,120.0,1.5e-05,3.6,5.4000000000000005e-05,0.9999179930555767,4.199671972222307,4.1996717022223065,1.5e-05,6.29950755333346e-05,0.0006886030006814392,7.212608454283131,False
462.0,SLEEP,30.0,120.0,1.5e-05,3.6,5.4000000000000005e-05,0.9999179909722434,4.199671963888974,4.199671693888974,1.5e-05,6.299507540833461e-05,0.000688620499313497,7.212608439255631,False
463.0,SLEEP,30.0,120.0,1.5e-05,3.6,5.4000000000000005e-05,0.9999179888889101,4.19967195555564,4.19967168555564,1.5e-05,6.299507528333461e-05,0.0006886379979455202,7.212608424228131,False
464.0,SLEEP,30.0,120.0,1.5e-05,3.6,5.4000000000000005e-05,0.9999179868055769,4.199671947222308,4.199671677222308,1.5e-05,6.299507515833462e-05,0.0006886554965775086,7.212608409200632,False
465.0,SLEEP,30.0,120.0,1.5e-05,3.6,5.4000000000000005e-05,0.9999179847222436,4.199671938888974,4.199671668888974,1.5e-05,6.299507503333461e-05,0.0006886729952094623,7.212608394173133,False
466.0,SLEEP,30.0,120.0,1.5e-05,3.6,5.4000000000000005e-05,0.9999179826389103,4.199671930555642,4.199671660555642,1.5e-05,6.299507490833462e-05,0.0006886904938413814,7.212608379145633,False
467.0,SLEEP,30.0,120.0,1.5e-05,3.6,5.4000000000000005e-05,0.999917980555577,4.199671922222308,4.199671652222308,1.5e-05,6.299507478333461e-05,0.0006887079924732656,7.212608364118133,False
468.0,SLEEP,30.0,120.0,1.5e-05,3.6,5.4000000000000005e-05,0.9999179784722437,4.1996719138889755,4.199671643888975,1.5e-05,6.299507465833464e-05,0.0006887254911051151,7.212608349090633,False
469.0,SLEEP,30.0,120.0,1.5e-05,3.6,5.4000000000000005e-05,0.9999179763889104,4.1996719055556415,4.199671635555641,1.5e-05,6.299507453333463e-05,0.0006887429897369299,7.212608334063134,False
470.0,SLEEP,30.0,120.0,1.5e-05,3.6,5.4000000000000005e-05,0.9999179743055772,4.199671897222309,4.199671627222309,1.5e-05,6.299507440833464e-05,0.00068876048836871,7.212608319035634,False
471.0,SLEEP,30.0,120.0,1.5e-05,3.6,5.4000000000000005e-05,0.9999179722222439,4.199671888888975,4.199671618888975,1.5e-05,6.299507428333463e-05,0.0006887779870004553,7.212608304008135,False
472.0,SLEEP,30.0,120.0,1.5e-05,3.6,5.4000000000000005e-05,0.9999179701389106,4.199671880555643,4.199671610555643,1.5e-05,6.299507415833464e-05,0.000688795485632166,7.212608288980635,False
473.0,SLEEP,30.0,120.0,1.5e-05,3.6,5.4000000000000005e-05,0.9999179680555773,4.199671872222309,4.199671602222309,1.5e-05,6.299507403333463e-05,0.0006888129842638419,7.212608273953135,False
474.0,SLEEP,30.0,120.0,1.5e-05,3.6,5.4000000000000005e-05,0.999917965972244,4.199671863888977,4.199671593888977,1.5e-05,6.299507390833466e-05,0.0006888304828954831,7.212608258925636,False
475.0,SLEEP,30.0,120.0,1.5e-05,3.6,5.4000000000000005e-05,0.9999179638889107,4.199671855555643,4.199671585555643,1.5e-05,6.299507378333464e-05,0.0006888479815270896,7.212608243898136,False
476.0,SLEEP,30.0,120.0,1.5e-05,3.6,5.4000000000000005e-05,0.9999179618055775,4.1996718472223105,4.19967157722231,1.5e-05,6.299507365833466e-05,0.0006888654801586613,7.212608228870637,False
477.0,SLEEP,30.0,120.0,1.5e-05,3.6,5.4000000000000005e-05,0.9999179597222442,4.199671838888976,4.199671568888976,1.5e-05,6.299507353333464e-05,0.0006888829787901983,7.212608213843137,False
478.0,SLEEP,30.0,120.0,1.5e-05,3.6,5.4000000000000005e-05,0.9999179576389109,4.199671830555644,4.199671560555644,1.5e-05,6.299507340833466e-05,0.0006889004774217007,7.212608198815637,False
479.0,SLEEP,30.0,120.0,1.5e-05,3.6,5.4000000000000005e-05,0.9999179555555776,4.19967182222231,4.19967155222231,1.5e-05,6.299507328333466e-05,0.0006889179760531682,7.212608183788138,False
480.0,LORA_TX,30.0,120.0,0.12,3.6,0.432,0.9999012888889109,4.199605155555644,4.197445155555644,0.12,0.5036934186666773,0.0008288328145716897,7.212487963788358,False
481.0,SAMPLING,30.0,120.0,0.008,3.6,0.028800000000000003,0.9999001777777998,4.1996007111111995,4.1994567111112,0.008,0.0335956536888896,0.0008381649405963812,7.212479949121706,False
482.0,SLEEP,30.0,120.0,1.5e-05,3.6,5.4000000000000005e-05,0.9999001756944665,4.199600702777866,4.199600432777866,1.5e-05,6.299400649166799e-05,0.0008381824389315178,7.2124799340942065,False
483.0,SLEEP,30.0,120.0,1.5e-05,3.6,5.4000000000000005e-05,0.9999001736111333,4.199600694444533,4.199600424444533,1.5e-05,6.2994006366668e-05,0.0008381999372666197,7.212479919066707,False
484.0,SLEEP,30.0,120.0,1.5e-05,3.6,5.4000000000000005e-05,0.9999001715278,4.1996006861112,4.1996004161112,1.5e-05,6.2994006241668e-05,0.0008382174356016868,7.212479904039207,False
485.0,SLEEP,30.0,120.0,1.5e-05,3.6,5.4000000000000005e-05,0.9999001694444667,4.199600677777867,4.199600407777867,1.5e-05,6.2994006116668e-05,0.0008382349339367192,7.212479889011708,False
486.0,SLEEP,30.0,120.0,1.5e-05,3.6,5.4000000000000005e-05,0.9999001673611334,4.199600669444534,4.199600399444534,1.5e-05,6.2994005991668e-05,0.0008382524322717168,7.212479873984208,False
487.0,SLEEP,30.0,120.0,1.5e-05,3.6,5.4000000000000005e-05,0.9999001652778001,4.199600661111201,4.1996003911112005,1.5e-05,6.2994005866668e-05,0.0008382699306066798,7.2124798589567085,False
488.0,SLEEP,30.0,120.0,1.5e-05,3.6,5.4000000000000005e-05,0.9999001631944668,4.1996006527778675,4.199600382777867,1.5e-05,6.299400574166802e-05,0.0008382874289416081,7.212479843929208,False
489.0,SLEEP,30.0,120.0,1.5e-05,3.6,5.4000000000000005e-05,0.9999001611111336,4.199600644444534,4.199600374444534,1.5e-05,6.299400561666802e-05,0.0008383049272765016,7.212479828901709,False
490.0,SLEEP,30.0,120.0,1.5e-05,3.6,5.4000000000000005e-05,0.9999001590278003,4.199600636111201,4.199600366111201,1.5e-05,6.299400549166802e-05,0.0008383224256113604,7.21247981387421,False
491.0,SLEEP,30.0,120.0,1.5e-05,3.6,5.4000000000000005e-05,0.999900156944467,4.199600627777868,4.199600357777868,1.5e-05,6.299400536666802e-05,0.0008383399239461844,7.21247979884671,False
492.0,SLEEP,30.0,120.0,1.5e-05,3.6,5.4000000000000005e-05,0.9999001548611337,4.199600619444535,4.199600349444535,1.5e-05,6.299400524166802e-05,0.0008383574222809738,7.2124797838192105,False
493.0,SLEEP,30.0,120.0,1.5e-05,3.6,5.4000000000000005e-05,0.9999001527778004,4.199600611111202,4.199600341111202,1.5e-05,6.299400511666802e-05,0.0008383749206157284,7.21247976879171,False
494.0,SLEEP,30.0,120.0,1.5e-05,3.6,5.4000000000000005e-05,0.9999001506944671,4.199600602777869,4.199600332777869,1.5e-05,6.299400499166804e-05,0.0008383924189504483,7.212479753764211,False
495.0,SLEEP,30.0,120.0,1.5e-05,3.6,5.4000000000000005e-05,0.9999001486111339,4.199600594444536,4.1996003244445355,1.5e-05,6.299400486666804e-05,0.0008384099172851335,7.212479738736712,False
496.0,SLEEP,30.0,120.0,1.5e-05,3.6,5.4000000000000005e-05,0.9999001465278006,4.1996005861112025,4.199600316111202,1.5e-05,6.299400474166804e-05,0.000838427415619784,7.212479723709212,False
497.0,SLEEP,30.0,120.0,1.5e-05,3.6,5.4000000000000005e-05,0.9999001444444673,4.199600577777869,4.199600307777869,1.5e-05,6.299400461666804e-05,0.0008384449139543997,7.2124797086817125,False
498.0,SLEEP,30.0,120.0,1.5e-05,3.6,5.4000000000000005e-05,0.999900142361134,4.199600569444536,4.199600299444536,1.5e-05,6.299400449166804e-05,0.0008384624122889807,7.212479693654212,False
499.0,SLEEP,30.0,120.0,1.5e-05,3.6,5.4000000000000005e-05,0.9999001402778007,4.199600561111203,4.199600291111203,1.5e-05,6.299400436666805e-05,0.000838479910623527,7.212479678626713,False
500.0,SLEEP,30.0,120.0,1.5e-05,3.6,5.4000000000000005e-05,0.9999001381944674,4.19960055277787,4.19960028277787,1.5e-05,6.299400424166805e-05,0.0008384974089580387,7.212479663599213,False
501.0,SLEEP,30.0,120.0,1.5e-05,3.6,5.4000000000000005e-05,0.9999001361111342,4.199600544444537,4.199600274444537,1.5e-05,6.299400411666805e-05,0.0008385149072925155,7.212479648571714,False
502.0,SLEEP,30.0,120.0,1.5e-05,3.6,5.4000000000000005e-05,0.9999001340278009,4.199600536111204,4.1996002661112035,1.5e-05,6.299400399166805e-05,0.0008385324056269576,7.2124796335442145,False
503.0,SLEEP,30.0,120.0,1.5e-05,3.6,5.4000000000000005e-05,0.9999001319444676,4.1996005277778705,4.19960025777787,1.5e-05,6.299400386666805e-05,0.000838549903961365,7.212479618516714,False
504.0,SLEEP,30.0,120.0,1.5e-05,3.6,5.4000000000000005e-05,0.9999001298611343,4.199600519444537,4.199600249444537,1.5e-05,6.299400374166805e-05,0.0008385674022957378,7.212479603489215,False
505.0,SLEEP,30.0,120.0,1.5e-05,3.6,5.4000000000000005e-05,0.999900127777801,4.199600511111204,4.199600241111204,1.5e-05,6.299400361666807e-05,0.0008385849006300757,7.212479588461715,False
506.0,SLEEP,30.0,120.0,1.5e-05,3.6,5.4000000000000005e-05,0.9999001256944677,4.199600502777871,4.199600232777871,1.5e-05,6.299400349166807e-05,0.0008386023989643789,7.212479573434216,False
507.0,SLEEP,30.0,120.0,1.5e-05,3.6,5.4000000000000005e-05,0.9999001236111345,4.199600494444538,4.199600224444538,1.5e-05,6.299400336666807e-05,0.0008386198972986475,7.2124795584067165,False
508.0,SLEEP,30.0,120.0,1.5e-05,3.6,5.4000000000000005e-05,0.9999001215278012,4.199600486111205,4.199600216111205,1.5e-05,6.299400324166807e-05,0.0008386373956328813,7.212479543379216,False
509.0,SLEEP,30.0,120.0,1.5e-05,3.6,5.4000000000000005e-05,0.9999001194444679,4.199600477777872,4.199600207777872,1.5e-05,6.299400311666807e-05,0.0008386548939670804,7.212479528351717,False
510.0,SAMPLING,30.0,120.0,0.008,3.6,0.028800000000000003,0.9998990083333568,4.199596033333427,4.1994520333334275,0.008,0.03359561626666742,0.0008479870095967102,7.212471513685065,False
511.0,SAMPLING,30.0,120.0,0.008,3.6,0.028800000000000003,0.9998978972222456,4.199591588888983,4.199447588888983,0.008,0.033595580711111864,0.0008573191153497968,7.212463499018413,False
512.0,SLEEP,30.0,120.0,1.5e-05,3.6,5.4000000000000005e-05,0.9998978951389124,4.19959158055565,4.1995913105556495,1.5e-05,6.299386965833475e-05,0.0008573366136469242,7.212463483990914,False
513.0,SLEEP,30.0,120.0,1.5e-05,3.6,5.4000000000000005e-05,0.9998978930555791,4.1995915722223165,4.199591302222316,1.5e-05,6.299386953333475e-05,0.0008573541119440167,7.2124634689634135,False
514.0,SLEEP,30.0,120.0,1.5e-05,3.6,5.4000000000000005e-05,0.9998978909722458,4.199591563888983,4.199591293888983,1.5e-05,6.299386940833475e-05,0.0008573716102410746,7.212463453935914,False
515.0,SLEEP,30.0,120.0,1.5e-05,3.6,5.4000000000000005e-05,0.9998978888889125,4.19959155555565,4.19959128555565,1.5e-05,6.299386928333475e-05,0.0008573891085380977,7.212463438908414,False
516.0,SLEEP,30.0,120.0,1.5e-05,3.6,5.4000000000000005e-05,0.9998978868055792,4.199591547222317,4.199591277222317,1.5e-05,6.299386915833475e-05,0.0008574066068350862,7.212463423880915,False
517.0,SLEEP,30.0,120.0,1.5e-05,3.6,5.4000000000000005e-05,0.9998978847222459,4.199591538888984,4.199591268888984,1.5e-05,6.299386903333475e-05,0.0008574241051320399,7.212463408853415,False
518.0,SLEEP,30.0,120.0,1.5e-05,3.6,5.4000000000000005e-05,0.9998978826389127,4.199591530555651,4.199591260555651,1.5e-05,6.299386890833477e-05,0.0008574416034289588,7.2124633938259155,False
519.0,SLEEP,30.0,120.0,1.5e-05,3.6,5.4000000000000005e-05,0.9998978805555794,4.199591522222318,4.1995912522223176,1.5e-05,6.299386878333477e-05,0.0008574591017258431,7.212463378798416,False
520.0,SLEEP,30.0,120.0,1.5e-05,3.6,5.4000000000000005e-05,0.9998978784722461,4.1995915138889846,4.199591243888984,1.5e-05,6.299386865833477e-05,0.0008574766000226927,7.212463363770916,False
521.0,SLEEP,30.0,120.0,1.5e-05,3.6,5.4000000000000005e-05,0.9998978763889128,4.199591505555651,4.199591235555651,1.5e-05,6.299386853333477e-05,0.0008574940983195075,7.212463348743417,False
522.0,SLEEP,30.0,120.0,1.5e-05,3.6,5.4000000000000005e-05,0.9998978743055795,4.199591497222318,4.199591227222318,1.5e-05,6.299386840833477e-05,0.0008575115966162876,7.212463333715917,False
523.0,SLEEP,30.0,120.0,1.5e-05,3.6,5.4000000000000005e-05,0.9998978722222462,4.199591488888985,4.199591218888985,1.5e-05,6.299386828333478e-05,0.0008575290949130329,7.2124633186884175,False
524.0,SLEEP,30.0,120.0,1.5e-05,3.6,5.4000000000000005e-05,0.999897870138913,4.199591480555652,4.199591210555652,1.5e-05,6.299386815833478e-05,0.0008575465932097436,7.212463303660918,False
525.0,SLEEP,30.0,120.0,1.5e-05,3.6,5.4000000000000005e-05,0.9998978680555797,4.199591472222319,4.199591202222319,1.5e-05,6.299386803333478e-05,0.0008575640915064195,7.212463288633418,False
526.0,SLEEP,30.0,120.0,1.5e-05,3.6,5.4000000000000005e-05,0.9998978659722464,4.199591463888986,4.199591193888986,1.5e-05,6.299386790833478e-05,0.0008575815898030607,7.212463273605919,False
527.0,SLEEP,30.0,120.0,1.5e-05,3.6,5.4000000000000005e-05,0.9998978638889131,4.199591455555653,4.1995911855556525,1.5e-05,6.299386778333479e-05,0.0008575990880996672,7.212463258578419,False
528.0,SLEEP,30.0,120.0,1.5e-05,3.6,5.4000000000000005e-05,0.9998978618055798,4.1995914472223195,4.199591177222319,1.5e-05,6.299386765833479e-05,0.000857616586396239,7.2124632435509195,False
529.0,SLEEP,30.0,120.0,1.5e-05,3.6,5.4000000000000005e-05,0.9998978597222465,4.199591438888986,4.199591168888986,1.5e-05,6.29938675333348e-05,0.000857634084692776,7.212463228523419,False
530.0,SLEEP,30.0,120.0,1.5e-05,3.6,5.4000000000000005e-05,0.9998978576389133,4.199591430555653,4.199591160555653,1.5e-05,6.29938674083348e-05,0.0008576515829892783,7.21246321349592,False
531.0,SLEEP,30.0,120.0,1.5e-05,3.6,5.4000000000000005e-05,0.99989785555558,4.19959142222232,4.19959115222232,1.5e-05,6.29938672833348e-05,0.000857669081285746,7.212463198468421,False
532.0,SLEEP,30.0,120.0,1.5e-05,3.6,5.4000000000000005e-05,0.9998978534722467,4.199591413888987,4.199591143888987,1.5e-05,6.29938671583348e-05,0.0008576865795821789,7.212463183440921,False
533.0,SLEEP,30.0,120.0,1.5e-05,3.6,5.4000000000000005e-05,0.9998978513889134,4.199591405555654,4.199591135555654,1.5e-05,6.29938670333348e-05,0.000857704077878577,7.2124631684134215,False
534.0,SLEEP,30.0,120.0,1.5e-05,3.6,5.4000000000000005e-05,0.9998978493055801,4.199591397222321,4.1995911272223205,1.5e-05,6.299386690833482e-05,0.0008577215761749404,7.212463153385921,False
535.0,SLEEP,30.0,120.0,1.5e-05,3.6,5.4000000000000005e-05,0.9998978472222468,4.1995913888889875,4.199591118888987,1.5e-05,6.299386678333482e-05,0.0008577390744712692,7.212463138358422,False
536.0,SLEEP,30.0,120.0,1.5e-05,3.6,5.4000000000000005e-05,0.9998978451389136,4.199591380555654,4.199591110555654,1.5e-05,6.299386665833482e-05,0.0008577565727675632,7.212463123330923,False
537.0,SLEEP,30.0,120.0,1.5e-05,3.6,5.4000000000000005e-05,0.9998978430555803,4.199591372222321,4.199591102222321,1.5e-05,6.299386653333482e-05,0.0008577740710638224,7.212463108303423,False
538.0,SLEEP,30.0,120.0,1.5e-05,3.6,5.4000000000000005e-05,0.999897840972247,4.199591363888988,4.199591093888988,1.5e-05,6.299386640833482e-05,0.000857791569360047,7.2124630932759235,False
539.0,SLEEP,30.0,120.0,1.5e-05,3.6,5.4000000000000005e-05,0.9998978388889137,4.199591355555655,4.199591085555655,1.5e-05,6.299386628333482e-05,0.0008578090676562368,7.212463078248423,False
540.0,SAMPLING,30.0,120.0,0.008,3.6,0.028800000000000003,0.9998967277778026,4.1995869111112105,4.199442911111211,0.008,0.03359554328888969,0.0008671411630142617,7.212455063581771,False
541.0,SAMPLING,30.0,120.0,0.008,3.6,0.028800000000000003,0.9998956166666915,4.199582466666766,4.199438466666766,0.008,0.03359550773333413,0.0008764732484957434,7.21244704891512,False
542.0,SLEEP,30.0,120.0,1.5e-05,3.6,5.4000000000000005e-05,0.9998956145833582,4.199582458333433,4.199582188333433,1.5e-05,6.29937328250015e-05,0.0008764907467548615,7.21244703388762,False
543.0,SLEEP,30.0,120.0,1.5e-05,3.6,5.4000000000000005e-05,0.9998956125000249,4.1995824500001,4.1995821800001,1.5e-05,6.29937327000015e-05,0.0008765082450139448,7.212447018860121,False
544.0,SLEEP,30.0,120.0,1.5e-05,3.6,5.4000000000000005e-05,0.9998956104166916,4.199582441666767,4.1995821716667665,1.5e-05,6.29937325750015e-05,0.0008765257432729935,7.2124470038326205,False
545.0,SLEEP,30.0,120.0,1.5e-05,3.6,5.4000000000000005e-05,0.9998956083333583,4.1995824333334335,4.199582163333433,1.5e-05,6.29937324500015e-05,0.0008765432415320073,7.212446988805121,False
546.0,SLEEP,30.0,120.0,1.5e-05,3.6,5.4000000000000005e-05,0.999895606250025,4.1995824250001,4.1995821550001,1.5e-05,6.29937323250015e-05,0.0008765607397909865,7.212446973777621,False
547.0,SLEEP,30.0,120.0,1.5e-05,3.6,5.4000000000000005e-05,0.9998956041666918,4.199582416666767,4.199582146666767,1.5e-05,6.299373220000151e-05,0.0008765782380499309,7.212446958750122,False
548.0,SLEEP,30.0,120.0,1.5e-05,3.6,5.4000000000000005e-05,0.9998956020833585,4.199582408333434,4.199582138333434,1.5e-05,6.299373207500152e-05,0.0008765957363088407,7.212446943722623,False
549.0,SLEEP,30.0,120.0,1.5e-05,3.6,5.4000000000000005e-05,0.9998956000000252,4.199582400000101,4.199582130000101,1.5e-05,6.299373195000152e-05,0.0008766132345677157,7.2124469286951225,False
550.0,SLEEP,30.0,120.0,1.5e-05,3.6,5.4000000000000005e-05,0.9998955979166919,4.199582391666768,4.199582121666768,1.5e-05,6.299373182500152e-05,0.0008766307328265559,7.212446913667623,False
551.0,SLEEP,30.0,120.0,1.5e-05,3.6,5.4000000000000005e-05,0.9998955958333586,4.199582383333435,4.199582113333435,1.5e-05,6.299373170000152e-05,0.0008766482310853615,7.212446898640123,False
552.0,SLEEP,30.0,120.0,1.5e-05,3.6,5.4000000000000005e-05,0.9998955937500253,4.199582375000102,4.199582105000101,1.5e-05,6.299373157500152e-05,0.0008766657293441324,7.212446883612624,False
553.0,SLEEP,30.0,120.0,1.5e-05,3.6,5.4000000000000005e-05,0.9998955916666921,4.199582366666768,4.199582096666768,1.5e-05,6.299373145000153e-05,0.0008766832276028685,7.212446868585125,False
554.0,SLEEP,30.0,120.0,1.5e-05,3.6,5.4000000000000005e-05,0.9998955895833588,4.199582358333435,4.199582088333435,1.5e-05,6.299373132500153e-05,0.0008767007258615699,7.2124468535576245,False
555.0,SLEEP,30.0,120.0,1.5e-05,3.6,5.4000000000000005e-05,0.9998955875000255,4.199582350000102,4.199582080000102,1.5e-05,6.299373120000153e-05,0.0008767182241202365,7.212446838530125,False
556.0,SLEEP,30.0,120.0,1.5e-05,3.6,5.4000000000000005e-05,0.9998955854166922,4.199582341666769,4.199582071666769,1.5e-05,6.299373107500153e-05,0.0008767357223788685,7.212446823502625,False
557.0,SLEEP,30.0,120.0,1.5e-05,3.6,5.4000000000000005e-05,0.9998955833333589,4.199582333333436,4.199582063333436,1.5e-05,6.299373095000153e-05,0.0008767532206374657,7.212446808475126,False
558.0,SLEEP,30.0,120.0,1.5e-05,3.6,5.4000000000000005e-05,0.9998955812500256,4.199582325000103,4.199582055000103,1.5e-05,6.299373082500155e-05,0.0008767707188960282,7.212446793447626,False
559.0,SLEEP,30.0,120.0,1.5e-05,3.6,5.4000000000000005e-05,0.9998955791666924,4.19958231666677,4.1995820466667695,1.5e-05,6.299373070000155e-05,0.000876788217154556,7.2124467784201265,False
560.0,SLEEP,30.0,120.0,1.5e-05,3.6,5.4000000000000005e-05,0.9998955770833591,4.1995823083334365,4.199582038333436,1.5e-05,6.299373057500155e-05,0.0008768057154130491,7.212446763392627,False
561.0,SLEEP,30.0,120.0,1.5e-05,3.6,5.4000000000000005e-05,0.9998955750000258,4.199582300000103,4.199582030000103,1.5e-05,6.299373045000155e-05,0.0008768232136715075,7.212446748365127,False
562.0,SLEEP,30.0,120.0,1.5e-05,3.6,5.4000000000000005e-05,0.9998955729166925,4.19958229166677,4.19958202166677,1.5e-05,6.299373032500155e-05,0.0008768407119299311,7.212446733337628,False
563.0,SLEEP,30.0,120.0,1.5e-05,3.6,5.4000000000000005e-05,0.9998955708333592,4.199582283333437,4.199582013333437,1.5e-05,6.299373020000155e-05,0.00087685821018832,7.212446718310128,False
564.0,SLEEP,30.0,120.0,1.5e-05,3.6,5.4000000000000005e-05,0.9998955687500259,4.199582275000104,4.199582005000104,1.5e-05,6.299373007500156e-05,0.0008768757084466741,7.2124467032826285,False
565.0,SLEEP,30.0,120.0,1.5e-05,3.6,5.4000000000000005e-05,0.9998955666666927,4.199582266666771,4.199581996666771,1.5e-05,6.299372995000156e-05,0.0008768932067049935,7.212446688255129,False
566.0,SLEEP,30.0,120.0,1.5e-05,3.6,5.4000000000000005e-05,0.9998955645833594,4.199582258333438,4.1995819883334375,1.5e-05,6.299372982500157e-05,0.0008769107049632782,7.212446673227629,False
567.0,SLEEP,30.0,120.0,1.5e-05,3.6,5.4000000000000005e-05,0.9998955625000261,4.1995822500001045,4.199581980000104,1.5e-05,6.299372970000157e-05,0.0008769282032215283,7.21244665820013,False
568.0,SLEEP,30.0,120.0,1.5e-05,3.6,5.4000000000000005e-05,0.9998955604166928,4.199582241666771,4.199581971666771,1.5e-05,6.299372957500157e-05,0.0008769457014797435,7.21244664317263,False
569.0,SLEEP,30.0,120.0,1.5e-05,3.6,5.4000000000000005e-05,0.9998955583333595,4.199582233333438,4.199581963333438,1.5e-05,6.299372945000158e-05,0.000876963199737924,7.2124466281451305,False
570.0,SAMPLING,30.0,120.0,0.008,3.6,0.028800000000000003,0.9998944472222484,4.199577788888994,4.199433788888994,0.008,0.03359547031111195,0.000886295274824344,7.212438613478478,False
571.0,SAMPLING,30.0,120.0,0.008,3.6,0.028800000000000003,0.9998933361111373,4.199573344444549,4.19942934444455,0.008,0.033595434755556396,0.0008956273400342208,7.212430598811826,False
572.0,SLEEP,30.0,120.0,1.5e-05,3.6,5.4000000000000005e-05,0.999893334027804,4.199573336111216,4.199573066111216,1.5e-05,6.299359599166825e-05,0.0008956448382553296,7.212430583784327,False
573.0,SLEEP,30.0,120.0,1.5e-05,3.6,5.4000000000000005e-05,0.9998933319444707,4.199573327777883,4.199573057777883,1.5e-05,6.299359586666825e-05,0.0008956623364764037,7.212430568756827,False
574.0,SLEEP,30.0,120.0,1.5e-05,3.6,5.4000000000000005e-05,0.9998933298611374,4.19957331944455,4.19957304944455,1.5e-05,6.299359574166825e-05,0.000895679834697443,7.212430553729328,False
575.0,SLEEP,30.0,120.0,1.5e-05,3.6,5.4000000000000005e-05,0.9998933277778042,4.199573311111217,4.199573041111217,1.5e-05,6.299359561666825e-05,0.0008956973329184477,7.2124305387018275,False
576.0,SLEEP,30.0,120.0,1.5e-05,3.6,5.4000000000000005e-05,0.9998933256944709,4.199573302777884,4.1995730327778835,1.5e-05,6.299359549166825e-05,0.0008957148311394176,7.212430523674328,False
577.0,SLEEP,30.0,120.0,1.5e-05,3.6,5.4000000000000005e-05,0.9998933236111376,4.1995732944445505,4.19957302444455,1.5e-05,6.299359536666826e-05,0.0008957323293603528,7.212430508646829,False
578.0,SLEEP,30.0,120.0,1.5e-05,3.6,5.4000000000000005e-05,0.9998933215278043,4.199573286111217,4.199573016111217,1.5e-05,6.299359524166826e-05,0.0008957498275812532,7.212430493619329,False
579.0,SLEEP,30.0,120.0,1.5e-05,3.6,5.4000000000000005e-05,0.999893319444471,4.199573277777884,4.199573007777884,1.5e-05,6.299359511666826e-05,0.000895767325802119,7.21243047859183,False
580.0,SLEEP,30.0,120.0,1.5e-05,3.6,5.4000000000000005e-05,0.9998933173611377,4.199573269444551,4.199572999444551,1.5e-05,6.299359499166826e-05,0.0008957848240229501,7.2124304635643295,False
581.0,SLEEP,30.0,120.0,1.5e-05,3.6,5.4000000000000005e-05,0.9998933152778045,4.199573261111218,4.199572991111218,1.5e-05,6.299359486666827e-05,0.0008958023222437463,7.21243044853683,False
582.0,SLEEP,30.0,120.0,1.5e-05,3.6,5.4000000000000005e-05,0.9998933131944712,4.199573252777885,4.199572982777885,1.5e-05,6.299359474166827e-05,0.0008958198204645079,7.212430433509331,False
583.0,SLEEP,30.0,120.0,1.5e-05,3.6,5.4000000000000005e-05,0.9998933111111379,4.199573244444552,4.199572974444552,1.5e-05,6.299359461666828e-05,0.0008958373186852348,7.212430418481831,False
584.0,SLEEP,30.0,120.0,1.5e-05,3.6,5.4000000000000005e-05,0.9998933090278046,4.199573236111219,4.199572966111218,1.5e-05,6.299359449166828e-05,0.000895854816905927,7.212430403454332,False
585.0,SLEEP,30.0,120.0,1.5e-05,3.6,5.4000000000000005e-05,0.9998933069444713,4.199573227777885,4.199572957777885,1.5e-05,6.299359436666828e-05,0.0008958723151265844,7.2124303884268315,False
586.0,SLEEP,30.0,120.0,1.5e-05,3.6,5.4000000000000005e-05,0.999893304861138,4.199573219444552,4.199572949444552,1.5e-05,6.299359424166828e-05,0.000895889813347207,7.212430373399332,False
587.0,SLEEP,30.0,120.0,1.5e-05,3.6,5.4000000000000005e-05,0.9998933027778047,4.199573211111219,4.199572941111219,1.5e-05,6.299359411666828e-05,0.000895907311567795,7.212430358371833,False
588.0,SLEEP,30.0,120.0,1.5e-05,3.6,5.4000000000000005e-05,0.9998933006944715,4.199573202777886,4.199572932777886,1.5e-05,6.29935939916683e-05,0.0008959248097883482,7.212430343344333,False
589.0,SLEEP,30.0,120.0,1.5e-05,3.6,5.4000000000000005e-05,0.9998932986111382,4.199573194444553,4.199572924444553,1.5e-05,6.29935938666683e-05,0.0008959423080088667,7.212430328316834,False
590.0,SLEEP,30.0,120.0,1.5e-05,3.6,5.4000000000000005e-05,0.9998932965278049,4.19957318611122,4.19957291611122,1.5e-05,6.29935937416683e-05,0.0008959598062293505,7.2124303132893335,False
591.0,SLEEP,30.0,120.0,1.5e-05,3.6,5.4000000000000005e-05,0.9998932944444716,4.199573177777887,4.1995729077778865,1.5e-05,6.29935936166683e-05,0.0008959773044497996,7.212430298261834,False
592.0,SLEEP,30.0,120.0,1.5e-05,3.6,5.4000000000000005e-05,0.9998932923611383,4.1995731694445535,4.199572899444553,1.5e-05,6.29935934916683e-05,0.0008959948026702139,7.212430283234334,False
593.0,SLEEP,30.0,120.0,1.5e-05,3.6,5.4000000000000005e-05,0.999893290277805,4.19957316111122,4.19957289111122,1.5e-05,6.299359336666831e-05,0.0008960123008905935,7.212430268206835,False
594.0,SLEEP,30.0,120.0,1.5e-05,3.6,5.4000000000000005e-05,0.9998932881944718,4.199573152777887,4.199572882777887,1.5e-05,6.299359324166831e-05,0.0008960297991109385,7.212430253179336,False
595.0,SLEEP,30.0,120.0,1.5e-05,3.6,5.4000000000000005e-05,0.9998932861111385,4.199573144444554,4.199572874444554,1.5e-05,6.299359311666831e-05,0.0008960472973312487,7.2124302381518355,False
596.0,SLEEP,30.0,120.0,1.5e-05,3.6,5.4000000000000005e-05,0.9998932840278052,4.199573136111221,4.199572866111221,1.5e-05,6.299359299166831e-05,0.0008960647955515241,7.212430223124336,False
597.0,SLEEP,30.0,120.0,1.5e-05,3.6,5.4000000000000005e-05,0.9998932819444719,4.199573127777888,4.199572857777888,1.5e-05,6.299359286666831e-05,0.0008960822937717648,7.212430208096836,False
598.0,SLEEP,30.0,120.0,1.5e-05,3.6,5.4000000000000005e-05,0.9998932798611386,4.199573119444555,4.199572849444555,1.5e-05,6.299359274166831e-05,0.0008960997919919708,7.212430193069337,False
599.0,SLEEP,30.0,120.0,1.5e-05,3.6,5.4000000000000005e-05,0.9998932777778053,4.199573111111222,4.199572841111221,1.5e-05,6.299359261666833e-05,0.0008961172902121422,7.212430178041838,False
